~from,~to,~label,since:Date
U0001,A000101,OWNS,2024-06-02T15:22:44Z
U0001,A000102,OWNS,2023-06-20T15:22:44Z
U0002,A000201,OWNS,2025-02-08T15:22:44Z
U0002,A000202,OWNS,2025-05-05T15:22:44Z
U0003,A000301,OWNS,2024-04-10T15:22:44Z
U0004,A000401,OWNS,2022-12-01T15:22:44Z
U0005,A000501,OWNS,2023-05-03T15:22:44Z
U0006,A000601,OWNS,2025-04-29T15:22:44Z
U0006,A000602,OWNS,2023-10-26T15:22:44Z
U0006,A000603,OWNS,2023-10-26T15:22:44Z
U0007,A000701,OWNS,2025-03-26T15:22:44Z
U0007,A000702,OWNS,2024-03-03T15:22:44Z
U0008,A000801,OWNS,2024-06-08T15:22:44Z
U0008,A000802,OWNS,2025-02-11T15:22:44Z
U0009,A000901,OWNS,2025-01-29T15:22:44Z
U0009,A000902,OWNS,2024-02-25T15:22:44Z
U0010,A001001,OWNS,2023-11-07T15:22:44Z
U0011,A001101,OWNS,2024-07-21T15:22:44Z
U0011,A001102,OWNS,2023-09-17T15:22:44Z
U0011,A001103,OWNS,2025-02-28T15:22:44Z
U0011,A001104,OWNS,2024-10-23T15:22:44Z
U0012,A001201,OWNS,2024-05-15T15:22:44Z
U0012,A001202,OWNS,2023-06-16T15:22:44Z
U0012,A001203,OWNS,2023-09-13T15:22:44Z
U0013,A001301,OWNS,2024-11-18T15:22:44Z
U0014,A001401,OWNS,2023-04-08T15:22:44Z
U0015,A001501,OWNS,2024-09-17T15:22:44Z
U0015,A001502,OWNS,2023-11-07T15:22:44Z
U0016,A001601,OWNS,2025-08-02T15:22:44Z
U0017,A001701,OWNS,2023-09-22T15:22:44Z
U0017,A001702,OWNS,2025-04-17T15:22:44Z
U0018,A001801,OWNS,2025-03-03T15:22:44Z
U0019,A001901,OWNS,2024-11-08T15:22:44Z
U0019,A001902,OWNS,2023-08-11T15:22:44Z
U0019,A001903,OWNS,2023-10-14T15:22:44Z
U0019,A001904,OWNS,2025-02-06T15:22:44Z
U0020,A002001,OWNS,2025-06-05T15:22:44Z
U0020,A002002,OWNS,2025-07-09T15:22:44Z
U0021,A002101,OWNS,2024-05-11T15:22:44Z
U0022,A002201,OWNS,2025-04-11T15:22:44Z
U0022,A002202,OWNS,2023-06-21T15:22:44Z
U0023,A002301,OWNS,2025-02-16T15:22:44Z
U0024,A002401,OWNS,2024-03-08T15:22:44Z
U0024,A002402,OWNS,2023-03-16T15:22:44Z
U0025,A002501,OWNS,2025-03-17T15:22:44Z
U0025,A002502,OWNS,2024-08-29T15:22:44Z
U0025,A002503,OWNS,2025-08-17T15:22:44Z
U0026,A002601,OWNS,2025-04-04T15:22:44Z
U0026,A002602,OWNS,2025-06-16T15:22:44Z
U0026,A002603,OWNS,2023-03-31T15:22:44Z
U0026,A002604,OWNS,2024-09-18T15:22:44Z
U0027,A002701,OWNS,2024-10-11T15:22:44Z
U0027,A002702,OWNS,2023-04-16T15:22:44Z
U0027,A002703,OWNS,2022-12-01T15:22:44Z
U0028,A002801,OWNS,2023-12-31T15:22:44Z
U0028,A002802,OWNS,2025-01-28T15:22:44Z
U0029,A002901,OWNS,2023-01-31T15:22:44Z
U0029,A002902,OWNS,2025-07-14T15:22:44Z
U0030,A003001,OWNS,2024-02-09T15:22:44Z
U0030,A003002,OWNS,2024-04-14T15:22:44Z
U0031,A003101,OWNS,2023-12-29T15:22:44Z
U0032,A003201,OWNS,2025-06-22T15:22:44Z
U0032,A003202,OWNS,2025-08-18T15:22:44Z
U0033,A003301,OWNS,2023-11-03T15:22:44Z
U0033,A003302,OWNS,2022-12-01T15:22:44Z
U0033,A003303,OWNS,2023-10-07T15:22:44Z
U0033,A003304,OWNS,2023-09-13T15:22:44Z
U0034,A003401,OWNS,2023-11-03T15:22:44Z
U0035,A003501,OWNS,2023-03-18T15:22:44Z
U0035,A003502,OWNS,2025-06-04T15:22:44Z
U0036,A003601,OWNS,2025-07-18T15:22:44Z
U0036,A003602,OWNS,2025-03-11T15:22:44Z
U0037,A003701,OWNS,2023-12-13T15:22:44Z
U0037,A003702,OWNS,2023-11-04T15:22:44Z
U0038,A003801,OWNS,2024-04-29T15:22:44Z
U0038,A003802,OWNS,2023-07-10T15:22:44Z
U0039,A003901,OWNS,2024-04-18T15:22:44Z
U0039,A003902,OWNS,2025-07-14T15:22:44Z
U0039,A003903,OWNS,2023-11-22T15:22:44Z
U0040,A004001,OWNS,2023-12-26T15:22:44Z
U0040,A004002,OWNS,2025-03-20T15:22:44Z
U0041,A004101,OWNS,2023-09-11T15:22:44Z
U0041,A004102,OWNS,2023-02-12T15:22:44Z
U0042,A004201,OWNS,2024-03-08T15:22:44Z
U0042,A004202,OWNS,2025-06-12T15:22:44Z
U0043,A004301,OWNS,2024-04-20T15:22:44Z
U0043,A004302,OWNS,2023-02-15T15:22:44Z
U0044,A004401,OWNS,2023-02-14T15:22:44Z
U0044,A004402,OWNS,2024-04-28T15:22:44Z
U0044,A004403,OWNS,2023-12-29T15:22:44Z
U0045,A004501,OWNS,2023-09-21T15:22:44Z
U0045,A004502,OWNS,2024-11-26T15:22:44Z
U0045,A004503,OWNS,2023-12-30T15:22:44Z
U0046,A004601,OWNS,2023-10-18T15:22:44Z
U0046,A004602,OWNS,2024-10-08T15:22:44Z
U0046,A004603,OWNS,2024-10-21T15:22:44Z
U0047,A004701,OWNS,2025-03-17T15:22:44Z
U0047,A004702,OWNS,2023-02-16T15:22:44Z
U0048,A004801,OWNS,2023-11-09T15:22:44Z
U0048,A004802,OWNS,2025-08-14T15:22:44Z
U0048,A004803,OWNS,2023-02-17T15:22:44Z
U0049,A004901,OWNS,2024-08-16T15:22:44Z
U0049,A004902,OWNS,2024-07-01T15:22:44Z
U0049,A004903,OWNS,2025-01-14T15:22:44Z
U0049,A004904,OWNS,2024-08-08T15:22:44Z
U0050,A005001,OWNS,2025-05-07T15:22:44Z
U0050,A005002,OWNS,2025-03-31T15:22:44Z
U0051,A005101,OWNS,2023-06-12T15:22:44Z
U0051,A005102,OWNS,2023-10-29T15:22:44Z
U0051,A005103,OWNS,2025-05-08T15:22:44Z
U0052,A005201,OWNS,2023-03-31T15:22:44Z
U0052,A005202,OWNS,2025-03-01T15:22:44Z
U0052,A005203,OWNS,2025-03-08T15:22:44Z
U0052,A005204,OWNS,2023-09-24T15:22:44Z
U0053,A005301,OWNS,2024-03-01T15:22:44Z
U0054,A005401,OWNS,2024-07-02T15:22:44Z
U0055,A005501,OWNS,2023-04-26T15:22:44Z
U0055,A005502,OWNS,2024-10-11T15:22:44Z
U0056,A005601,OWNS,2023-02-12T15:22:44Z
U0056,A005602,OWNS,2023-08-11T15:22:44Z
U0057,A005701,OWNS,2025-08-14T15:22:44Z
U0057,A005702,OWNS,2023-04-13T15:22:44Z
U0058,A005801,OWNS,2023-11-10T15:22:44Z
U0058,A005802,OWNS,2023-09-15T15:22:44Z
U0058,A005803,OWNS,2023-10-23T15:22:44Z
U0059,A005901,OWNS,2024-11-18T15:22:44Z
U0059,A005902,OWNS,2024-12-05T15:22:44Z
U0060,A006001,OWNS,2024-07-18T15:22:44Z
U0061,A006101,OWNS,2024-07-28T15:22:44Z
U0062,A006201,OWNS,2022-12-13T15:22:44Z
U0062,A006202,OWNS,2024-06-19T15:22:44Z
U0063,A006301,OWNS,2024-12-12T15:22:44Z
U0064,A006401,OWNS,2023-11-13T15:22:44Z
U0064,A006402,OWNS,2025-01-20T15:22:44Z
U0065,A006501,OWNS,2023-11-01T15:22:44Z
U0066,A006601,OWNS,2024-02-19T15:22:44Z
U0066,A006602,OWNS,2023-04-02T15:22:44Z
U0067,A006701,OWNS,2025-06-05T15:22:44Z
U0067,A006702,OWNS,2023-08-06T15:22:44Z
U0067,A006703,OWNS,2023-10-17T15:22:44Z
U0068,A006801,OWNS,2024-05-29T15:22:44Z
U0069,A006901,OWNS,2024-03-17T15:22:44Z
U0070,A007001,OWNS,2024-03-10T15:22:44Z
U0070,A007002,OWNS,2023-10-13T15:22:44Z
U0070,A007003,OWNS,2022-12-31T15:22:44Z
U0071,A007101,OWNS,2023-04-17T15:22:44Z
U0072,A007201,OWNS,2025-01-14T15:22:44Z
U0073,A007301,OWNS,2025-03-21T15:22:44Z
U0074,A007401,OWNS,2023-11-19T15:22:44Z
U0074,A007402,OWNS,2024-09-02T15:22:44Z
U0075,A007501,OWNS,2023-02-12T15:22:44Z
U0075,A007502,OWNS,2024-06-14T15:22:44Z
U0076,A007601,OWNS,2024-06-26T15:22:44Z
U0076,A007602,OWNS,2025-08-11T15:22:44Z
U0076,A007603,OWNS,2023-10-18T15:22:44Z
U0076,A007604,OWNS,2025-03-13T15:22:44Z
U0077,A007701,OWNS,2025-04-19T15:22:44Z
U0077,A007702,OWNS,2025-05-08T15:22:44Z
U0078,A007801,OWNS,2023-01-08T15:22:44Z
U0078,A007802,OWNS,2023-08-21T15:22:44Z
U0079,A007901,OWNS,2024-12-17T15:22:44Z
U0080,A008001,OWNS,2022-12-23T15:22:44Z
U0081,A008101,OWNS,2022-12-14T15:22:44Z
U0081,A008102,OWNS,2024-11-22T15:22:44Z
U0082,A008201,OWNS,2023-04-17T15:22:44Z
U0082,A008202,OWNS,2025-05-01T15:22:44Z
U0082,A008203,OWNS,2024-04-01T15:22:44Z
U0083,A008301,OWNS,2023-06-16T15:22:44Z
U0084,A008401,OWNS,2023-08-11T15:22:44Z
U0084,A008402,OWNS,2024-07-24T15:22:44Z
U0084,A008403,OWNS,2025-08-09T15:22:44Z
U0084,A008404,OWNS,2023-11-12T15:22:44Z
U0085,A008501,OWNS,2023-09-23T15:22:44Z
U0085,A008502,OWNS,2023-10-24T15:22:44Z
U0086,A008601,OWNS,2023-07-15T15:22:44Z
U0086,A008602,OWNS,2023-03-28T15:22:44Z
U0087,A008701,OWNS,2023-11-16T15:22:44Z
U0087,A008702,OWNS,2025-07-14T15:22:44Z
U0088,A008801,OWNS,2024-03-01T15:22:44Z
U0088,A008802,OWNS,2024-02-18T15:22:44Z
U0089,A008901,OWNS,2023-07-20T15:22:44Z
U0089,A008902,OWNS,2025-06-09T15:22:44Z
U0089,A008903,OWNS,2023-11-25T15:22:44Z
U0090,A009001,OWNS,2023-09-05T15:22:44Z
U0090,A009002,OWNS,2022-12-18T15:22:44Z
U0090,A009003,OWNS,2024-02-09T15:22:44Z
U0091,A009101,OWNS,2022-12-08T15:22:44Z
U0091,A009102,OWNS,2025-07-06T15:22:44Z
U0092,A009201,OWNS,2024-08-03T15:22:44Z
U0092,A009202,OWNS,2023-09-16T15:22:44Z
U0092,A009203,OWNS,2023-10-28T15:22:44Z
U0093,A009301,OWNS,2024-09-21T15:22:44Z
U0093,A009302,OWNS,2023-01-25T15:22:44Z
U0094,A009401,OWNS,2024-03-27T15:22:44Z
U0094,A009402,OWNS,2024-06-25T15:22:44Z
U0094,A009403,OWNS,2025-06-11T15:22:44Z
U0094,A009404,OWNS,2025-01-24T15:22:44Z
U0095,A009501,OWNS,2023-07-19T15:22:44Z
U0095,A009502,OWNS,2023-08-24T15:22:44Z
U0096,A009601,OWNS,2025-03-01T15:22:44Z
U0096,A009602,OWNS,2023-10-15T15:22:44Z
U0097,A009701,OWNS,2022-12-27T15:22:44Z
U0098,A009801,OWNS,2023-02-10T15:22:44Z
U0098,A009802,OWNS,2023-12-18T15:22:44Z
U0098,A009803,OWNS,2024-07-24T15:22:44Z
U0099,A009901,OWNS,2024-01-18T15:22:44Z
U0100,A010001,OWNS,2023-06-18T15:22:44Z
U0100,A010002,OWNS,2024-04-06T15:22:44Z
U0101,A010101,OWNS,2025-07-04T15:22:44Z
U0101,A010102,OWNS,2025-03-12T15:22:44Z
U0101,A010103,OWNS,2024-12-13T15:22:44Z
U0102,A010201,OWNS,2025-01-25T15:22:44Z
U0102,A010202,OWNS,2023-10-18T15:22:44Z
U0103,A010301,OWNS,2023-03-15T15:22:44Z
U0103,A010302,OWNS,2022-12-03T15:22:44Z
U0103,A010303,OWNS,2023-01-17T15:22:44Z
U0103,A010304,OWNS,2025-03-11T15:22:44Z
U0104,A010401,OWNS,2024-12-29T15:22:44Z
U0104,A010402,OWNS,2023-01-30T15:22:44Z
U0104,A010403,OWNS,2023-10-20T15:22:44Z
U0104,A010404,OWNS,2023-03-19T15:22:44Z
U0105,A010501,OWNS,2025-03-16T15:22:44Z
U0105,A010502,OWNS,2023-06-30T15:22:44Z
U0106,A010601,OWNS,2023-01-14T15:22:44Z
U0107,A010701,OWNS,2024-01-11T15:22:44Z
U0107,A010702,OWNS,2023-06-05T15:22:44Z
U0107,A010703,OWNS,2023-03-04T15:22:44Z
U0108,A010801,OWNS,2024-06-21T15:22:44Z
U0108,A010802,OWNS,2023-02-12T15:22:44Z
U0108,A010803,OWNS,2024-12-05T15:22:44Z
U0108,A010804,OWNS,2025-03-04T15:22:44Z
U0109,A010901,OWNS,2024-01-17T15:22:44Z
U0109,A010902,OWNS,2025-02-16T15:22:44Z
U0110,A011001,OWNS,2023-12-05T15:22:44Z
U0110,A011002,OWNS,2024-04-18T15:22:44Z
U0111,A011101,OWNS,2025-02-17T15:22:44Z
U0112,A011201,OWNS,2025-04-16T15:22:44Z
U0112,A011202,OWNS,2024-02-28T15:22:44Z
U0112,A011203,OWNS,2024-01-11T15:22:44Z
U0113,A011301,OWNS,2023-11-17T15:22:44Z
U0113,A011302,OWNS,2023-11-27T15:22:44Z
U0113,A011303,OWNS,2024-01-23T15:22:44Z
U0113,A011304,OWNS,2023-09-12T15:22:44Z
U0114,A011401,OWNS,2023-06-08T15:22:44Z
U0114,A011402,OWNS,2024-10-16T15:22:44Z
U0115,A011501,OWNS,2024-06-21T15:22:44Z
U0115,A011502,OWNS,2022-12-19T15:22:44Z
U0115,A011503,OWNS,2024-07-31T15:22:44Z
U0116,A011601,OWNS,2024-03-02T15:22:44Z
U0116,A011602,OWNS,2023-04-03T15:22:44Z
U0116,A011603,OWNS,2025-05-05T15:22:44Z
U0117,A011701,OWNS,2024-09-26T15:22:44Z
U0117,A011702,OWNS,2024-12-11T15:22:44Z
U0118,A011801,OWNS,2024-08-19T15:22:44Z
U0118,A011802,OWNS,2023-05-13T15:22:44Z
U0119,A011901,OWNS,2023-12-09T15:22:44Z
U0119,A011902,OWNS,2023-08-18T15:22:44Z
U0120,A012001,OWNS,2024-02-08T15:22:44Z
U0120,A012002,OWNS,2023-07-23T15:22:44Z
U0121,A012101,OWNS,2023-11-06T15:22:44Z
U0122,A012201,OWNS,2024-10-21T15:22:44Z
U0122,A012202,OWNS,2023-08-29T15:22:44Z
U0122,A012203,OWNS,2023-03-16T15:22:44Z
U0122,A012204,OWNS,2023-11-17T15:22:44Z
U0123,A012301,OWNS,2024-05-28T15:22:44Z
U0124,A012401,OWNS,2024-06-10T15:22:44Z
U0124,A012402,OWNS,2024-12-19T15:22:44Z
U0124,A012403,OWNS,2024-01-06T15:22:44Z
U0125,A012501,OWNS,2023-02-03T15:22:44Z
U0125,A012502,OWNS,2022-12-09T15:22:44Z
U0126,A012601,OWNS,2025-06-01T15:22:44Z
U0127,A012701,OWNS,2025-05-24T15:22:44Z
U0127,A012702,OWNS,2023-04-14T15:22:44Z
U0128,A012801,OWNS,2022-12-08T15:22:44Z
U0129,A012901,OWNS,2024-05-19T15:22:44Z
U0130,A013001,OWNS,2024-05-11T15:22:44Z
U0131,A013101,OWNS,2023-10-28T15:22:44Z
U0131,A013102,OWNS,2025-01-07T15:22:44Z
U0132,A013201,OWNS,2024-07-15T15:22:44Z
U0132,A013202,OWNS,2024-01-08T15:22:44Z
U0133,A013301,OWNS,2025-05-28T15:22:44Z
U0134,A013401,OWNS,2025-06-15T15:22:44Z
U0134,A013402,OWNS,2022-12-04T15:22:44Z
U0134,A013403,OWNS,2025-07-12T15:22:44Z
U0135,A013501,OWNS,2023-10-24T15:22:44Z
U0136,A013601,OWNS,2025-04-17T15:22:44Z
U0136,A013602,OWNS,2023-04-15T15:22:44Z
U0137,A013701,OWNS,2025-05-28T15:22:44Z
U0137,A013702,OWNS,2023-10-21T15:22:44Z
U0138,A013801,OWNS,2024-10-14T15:22:44Z
U0138,A013802,OWNS,2025-04-20T15:22:44Z
U0139,A013901,OWNS,2025-06-07T15:22:44Z
U0140,A014001,OWNS,2024-08-01T15:22:44Z
U0141,A014101,OWNS,2024-06-23T15:22:44Z
U0141,A014102,OWNS,2023-12-22T15:22:44Z
U0142,A014201,OWNS,2023-05-24T15:22:44Z
U0143,A014301,OWNS,2025-03-06T15:22:44Z
U0143,A014302,OWNS,2022-11-23T15:22:44Z
U0143,A014303,OWNS,2025-02-10T15:22:44Z
U0143,A014304,OWNS,2023-11-09T15:22:44Z
U0144,A014401,OWNS,2023-10-25T15:22:44Z
U0144,A014402,OWNS,2025-01-21T15:22:44Z
U0145,A014501,OWNS,2024-03-23T15:22:44Z
U0146,A014601,OWNS,2022-12-11T15:22:44Z
U0147,A014701,OWNS,2025-07-28T15:22:44Z
U0147,A014702,OWNS,2024-12-24T15:22:44Z
U0148,A014801,OWNS,2024-05-09T15:22:44Z
U0148,A014802,OWNS,2024-02-17T15:22:44Z
U0148,A014803,OWNS,2023-02-04T15:22:44Z
U0149,A014901,OWNS,2023-01-08T15:22:44Z
U0149,A014902,OWNS,2025-03-12T15:22:44Z
U0150,A015001,OWNS,2024-08-18T15:22:44Z
U0151,A015101,OWNS,2025-01-31T15:22:44Z
U0151,A015102,OWNS,2023-01-31T15:22:44Z
U0152,A015201,OWNS,2023-08-03T15:22:44Z
U0153,A015301,OWNS,2023-08-22T15:22:44Z
U0153,A015302,OWNS,2024-07-24T15:22:44Z
U0153,A015303,OWNS,2024-10-13T15:22:44Z
U0153,A015304,OWNS,2024-05-01T15:22:44Z
U0154,A015401,OWNS,2023-09-16T15:22:44Z
U0154,A015402,OWNS,2024-03-12T15:22:44Z
U0155,A015501,OWNS,2024-02-23T15:22:44Z
U0155,A015502,OWNS,2023-11-14T15:22:44Z
U0156,A015601,OWNS,2024-08-02T15:22:44Z
U0156,A015602,OWNS,2025-05-06T15:22:44Z
U0156,A015603,OWNS,2023-05-27T15:22:44Z
U0157,A015701,OWNS,2025-04-19T15:22:44Z
U0158,A015801,OWNS,2025-01-20T15:22:44Z
U0158,A015802,OWNS,2025-07-20T15:22:44Z
U0159,A015901,OWNS,2025-02-14T15:22:44Z
U0159,A015902,OWNS,2024-12-28T15:22:44Z
U0160,A016001,OWNS,2024-06-06T15:22:44Z
U0161,A016101,OWNS,2025-05-06T15:22:44Z
U0162,A016201,OWNS,2024-03-27T15:22:44Z
U0162,A016202,OWNS,2025-06-25T15:22:44Z
U0162,A016203,OWNS,2024-07-23T15:22:44Z
U0163,A016301,OWNS,2024-07-22T15:22:44Z
U0163,A016302,OWNS,2025-07-16T15:22:44Z
U0164,A016401,OWNS,2024-10-31T15:22:44Z
U0164,A016402,OWNS,2023-04-14T15:22:44Z
U0164,A016403,OWNS,2023-02-18T15:22:44Z
U0164,A016404,OWNS,2024-08-18T15:22:44Z
U0165,A016501,OWNS,2024-01-15T15:22:44Z
U0165,A016502,OWNS,2024-04-25T15:22:44Z
U0166,A016601,OWNS,2024-11-12T15:22:44Z
U0166,A016602,OWNS,2024-08-28T15:22:44Z
U0166,A016603,OWNS,2023-05-18T15:22:44Z
U0167,A016701,OWNS,2023-11-16T15:22:44Z
U0167,A016702,OWNS,2024-12-15T15:22:44Z
U0167,A016703,OWNS,2024-05-30T15:22:44Z
U0168,A016801,OWNS,2023-10-29T15:22:44Z
U0168,A016802,OWNS,2025-06-23T15:22:44Z
U0168,A016803,OWNS,2023-03-15T15:22:44Z
U0169,A016901,OWNS,2023-12-24T15:22:44Z
U0169,A016902,OWNS,2024-09-28T15:22:44Z
U0169,A016903,OWNS,2023-03-02T15:22:44Z
U0169,A016904,OWNS,2024-08-07T15:22:44Z
U0170,A017001,OWNS,2024-12-19T15:22:44Z
U0170,A017002,OWNS,2023-01-12T15:22:44Z
U0171,A017101,OWNS,2024-11-24T15:22:44Z
U0171,A017102,OWNS,2023-05-09T15:22:44Z
U0171,A017103,OWNS,2023-06-30T15:22:44Z
U0172,A017201,OWNS,2023-05-23T15:22:44Z
U0173,A017301,OWNS,2024-06-05T15:22:44Z
U0174,A017401,OWNS,2024-07-23T15:22:44Z
U0175,A017501,OWNS,2025-06-19T15:22:44Z
U0175,A017502,OWNS,2023-12-07T15:22:44Z
U0175,A017503,OWNS,2025-07-03T15:22:44Z
U0176,A017601,OWNS,2024-11-04T15:22:44Z
U0176,A017602,OWNS,2023-11-30T15:22:44Z
U0177,A017701,OWNS,2025-04-25T15:22:44Z
U0177,A017702,OWNS,2025-01-22T15:22:44Z
U0177,A017703,OWNS,2024-03-16T15:22:44Z
U0177,A017704,OWNS,2025-01-13T15:22:44Z
U0178,A017801,OWNS,2023-07-29T15:22:44Z
U0178,A017802,OWNS,2025-06-30T15:22:44Z
U0179,A017901,OWNS,2024-04-03T15:22:44Z
U0179,A017902,OWNS,2023-02-05T15:22:44Z
U0180,A018001,OWNS,2025-07-08T15:22:44Z
U0180,A018002,OWNS,2023-09-16T15:22:44Z
U0181,A018101,OWNS,2025-05-27T15:22:44Z
U0181,A018102,OWNS,2024-05-02T15:22:44Z
U0181,A018103,OWNS,2025-05-25T15:22:44Z
U0182,A018201,OWNS,2023-10-15T15:22:44Z
U0182,A018202,OWNS,2023-11-24T15:22:44Z
U0183,A018301,OWNS,2023-02-06T15:22:44Z
U0184,A018401,OWNS,2023-02-04T15:22:44Z
U0184,A018402,OWNS,2024-02-25T15:22:44Z
U0185,A018501,OWNS,2023-03-29T15:22:44Z
U0185,A018502,OWNS,2023-08-09T15:22:44Z
U0186,A018601,OWNS,2025-01-01T15:22:44Z
U0186,A018602,OWNS,2025-07-02T15:22:44Z
U0187,A018701,OWNS,2025-05-09T15:22:44Z
U0187,A018702,OWNS,2025-04-15T15:22:44Z
U0188,A018801,OWNS,2024-06-21T15:22:44Z
U0188,A018802,OWNS,2023-05-28T15:22:44Z
U0189,A018901,OWNS,2023-01-30T15:22:44Z
U0189,A018902,OWNS,2023-01-19T15:22:44Z
U0190,A019001,OWNS,2025-07-26T15:22:44Z
U0190,A019002,OWNS,2023-04-19T15:22:44Z
U0191,A019101,OWNS,2023-12-18T15:22:44Z
U0191,A019102,OWNS,2023-05-07T15:22:44Z
U0191,A019103,OWNS,2024-03-04T15:22:44Z
U0192,A019201,OWNS,2024-02-27T15:22:44Z
U0192,A019202,OWNS,2023-03-10T15:22:44Z
U0193,A019301,OWNS,2024-08-05T15:22:44Z
U0193,A019302,OWNS,2025-04-28T15:22:44Z
U0194,A019401,OWNS,2024-10-05T15:22:44Z
U0195,A019501,OWNS,2023-05-26T15:22:44Z
U0195,A019502,OWNS,2023-10-29T15:22:44Z
U0195,A019503,OWNS,2024-01-06T15:22:44Z
U0196,A019601,OWNS,2025-02-12T15:22:44Z
U0196,A019602,OWNS,2023-09-24T15:22:44Z
U0196,A019603,OWNS,2025-07-22T15:22:44Z
U0196,A019604,OWNS,2025-03-26T15:22:44Z
U0197,A019701,OWNS,2023-11-09T15:22:44Z
U0197,A019702,OWNS,2023-09-27T15:22:44Z
U0198,A019801,OWNS,2025-08-18T15:22:44Z
U0198,A019802,OWNS,2023-04-12T15:22:44Z
U0198,A019803,OWNS,2023-12-28T15:22:44Z
U0198,A019804,OWNS,2024-02-19T15:22:44Z
U0199,A019901,OWNS,2022-12-10T15:22:44Z
U0200,A020001,OWNS,2025-07-18T15:22:44Z
U0200,A020002,OWNS,2024-08-22T15:22:44Z
U0200,A020003,OWNS,2024-07-18T15:22:44Z
U0201,A020101,OWNS,2023-12-07T15:22:44Z
U0202,A020201,OWNS,2023-06-09T15:22:44Z
U0202,A020202,OWNS,2023-09-24T15:22:44Z
U0202,A020203,OWNS,2025-08-16T15:22:44Z
U0202,A020204,OWNS,2025-06-26T15:22:44Z
U0203,A020301,OWNS,2023-05-14T15:22:44Z
U0203,A020302,OWNS,2024-06-11T15:22:44Z
U0204,A020401,OWNS,2024-07-28T15:22:44Z
U0204,A020402,OWNS,2025-06-16T15:22:44Z
U0205,A020501,OWNS,2024-06-06T15:22:44Z
U0205,A020502,OWNS,2023-01-01T15:22:44Z
U0206,A020601,OWNS,2024-05-20T15:22:44Z
U0207,A020701,OWNS,2023-12-27T15:22:44Z
U0207,A020702,OWNS,2023-05-03T15:22:44Z
U0208,A020801,OWNS,2025-01-12T15:22:44Z
U0208,A020802,OWNS,2024-09-13T15:22:44Z
U0209,A020901,OWNS,2023-08-13T15:22:44Z
U0210,A021001,OWNS,2024-02-20T15:22:44Z
U0210,A021002,OWNS,2022-11-22T15:22:44Z
U0210,A021003,OWNS,2025-02-06T15:22:44Z
U0211,A021101,OWNS,2024-03-26T15:22:44Z
U0211,A021102,OWNS,2024-02-27T15:22:44Z
U0212,A021201,OWNS,2024-10-20T15:22:44Z
U0213,A021301,OWNS,2023-04-09T15:22:44Z
U0213,A021302,OWNS,2024-11-08T15:22:44Z
U0214,A021401,OWNS,2023-03-27T15:22:44Z
U0214,A021402,OWNS,2025-08-10T15:22:44Z
U0214,A021403,OWNS,2024-07-01T15:22:44Z
U0215,A021501,OWNS,2025-07-19T15:22:44Z
U0215,A021502,OWNS,2022-12-27T15:22:44Z
U0216,A021601,OWNS,2023-12-10T15:22:44Z
U0217,A021701,OWNS,2024-11-01T15:22:44Z
U0217,A021702,OWNS,2024-05-10T15:22:44Z
U0218,A021801,OWNS,2024-05-19T15:22:44Z
U0218,A021802,OWNS,2024-02-27T15:22:44Z
U0219,A021901,OWNS,2022-12-24T15:22:44Z
U0220,A022001,OWNS,2024-05-03T15:22:44Z
U0221,A022101,OWNS,2025-04-13T15:22:44Z
U0221,A022102,OWNS,2023-06-29T15:22:44Z
U0221,A022103,OWNS,2025-02-17T15:22:44Z
U0222,A022201,OWNS,2024-07-31T15:22:44Z
U0223,A022301,OWNS,2023-11-18T15:22:44Z
U0223,A022302,OWNS,2025-04-17T15:22:44Z
U0223,A022303,OWNS,2025-08-03T15:22:44Z
U0224,A022401,OWNS,2023-09-05T15:22:44Z
U0225,A022501,OWNS,2024-07-31T15:22:44Z
U0225,A022502,OWNS,2023-10-31T15:22:44Z
U0225,A022503,OWNS,2023-07-24T15:22:44Z
U0226,A022601,OWNS,2024-12-07T15:22:44Z
U0226,A022602,OWNS,2023-03-09T15:22:44Z
U0227,A022701,OWNS,2024-12-11T15:22:44Z
U0227,A022702,OWNS,2024-01-06T15:22:44Z
U0227,A022703,OWNS,2023-06-10T15:22:44Z
U0228,A022801,OWNS,2023-01-23T15:22:44Z
U0228,A022802,OWNS,2023-08-07T15:22:44Z
U0229,A022901,OWNS,2024-04-05T15:22:44Z
U0229,A022902,OWNS,2024-07-20T15:22:44Z
U0229,A022903,OWNS,2025-07-14T15:22:44Z
U0230,A023001,OWNS,2024-03-06T15:22:44Z
U0230,A023002,OWNS,2024-12-03T15:22:44Z
U0230,A023003,OWNS,2023-02-23T15:22:44Z
U0230,A023004,OWNS,2023-03-05T15:22:44Z
U0231,A023101,OWNS,2024-05-14T15:22:44Z
U0232,A023201,OWNS,2024-04-09T15:22:44Z
U0233,A023301,OWNS,2024-06-05T15:22:44Z
U0233,A023302,OWNS,2023-05-05T15:22:44Z
U0233,A023303,OWNS,2023-12-02T15:22:44Z
U0233,A023304,OWNS,2025-05-08T15:22:44Z
U0234,A023401,OWNS,2024-08-27T15:22:44Z
U0234,A023402,OWNS,2023-09-02T15:22:44Z
U0235,A023501,OWNS,2023-09-02T15:22:44Z
U0236,A023601,OWNS,2025-06-13T15:22:44Z
U0236,A023602,OWNS,2023-07-27T15:22:44Z
U0236,A023603,OWNS,2022-12-03T15:22:44Z
U0237,A023701,OWNS,2023-12-23T15:22:44Z
U0237,A023702,OWNS,2024-05-04T15:22:44Z
U0237,A023703,OWNS,2023-09-22T15:22:44Z
U0238,A023801,OWNS,2025-02-16T15:22:44Z
U0238,A023802,OWNS,2023-10-13T15:22:44Z
U0238,A023803,OWNS,2024-07-13T15:22:44Z
U0239,A023901,OWNS,2023-07-14T15:22:44Z
U0239,A023902,OWNS,2023-03-26T15:22:44Z
U0240,A024001,OWNS,2023-07-17T15:22:44Z
U0240,A024002,OWNS,2023-10-14T15:22:44Z
U0241,A024101,OWNS,2023-12-20T15:22:44Z
U0241,A024102,OWNS,2024-05-31T15:22:44Z
U0242,A024201,OWNS,2025-01-18T15:22:44Z
U0242,A024202,OWNS,2023-09-07T15:22:44Z
U0243,A024301,OWNS,2025-03-28T15:22:44Z
U0243,A024302,OWNS,2023-12-07T15:22:44Z
U0243,A024303,OWNS,2023-05-02T15:22:44Z
U0243,A024304,OWNS,2023-03-26T15:22:44Z
U0244,A024401,OWNS,2023-06-04T15:22:44Z
U0244,A024402,OWNS,2025-05-31T15:22:44Z
U0245,A024501,OWNS,2023-09-01T15:22:44Z
U0245,A024502,OWNS,2025-05-09T15:22:44Z
U0246,A024601,OWNS,2024-11-18T15:22:44Z
U0246,A024602,OWNS,2023-08-25T15:22:44Z
U0247,A024701,OWNS,2025-05-24T15:22:44Z
U0247,A024702,OWNS,2023-03-07T15:22:44Z
U0247,A024703,OWNS,2025-04-01T15:22:44Z
U0248,A024801,OWNS,2025-06-03T15:22:44Z
U0248,A024802,OWNS,2024-06-12T15:22:44Z
U0249,A024901,OWNS,2023-04-03T15:22:44Z
U0249,A024902,OWNS,2024-09-16T15:22:44Z
U0250,A025001,OWNS,2023-10-16T15:22:44Z
U0250,A025002,OWNS,2024-08-10T15:22:44Z
U0251,A025101,OWNS,2023-10-06T15:22:44Z
U0251,A025102,OWNS,2025-04-19T15:22:44Z
U0252,A025201,OWNS,2022-11-23T15:22:44Z
U0253,A025301,OWNS,2024-06-05T15:22:44Z
U0253,A025302,OWNS,2023-09-01T15:22:44Z
U0253,A025303,OWNS,2023-12-22T15:22:44Z
U0254,A025401,OWNS,2025-01-03T15:22:44Z
U0254,A025402,OWNS,2023-10-29T15:22:44Z
U0255,A025501,OWNS,2025-05-07T15:22:44Z
U0256,A025601,OWNS,2023-12-29T15:22:44Z
U0256,A025602,OWNS,2023-12-11T15:22:44Z
U0257,A025701,OWNS,2024-05-16T15:22:44Z
U0257,A025702,OWNS,2024-04-11T15:22:44Z
U0257,A025703,OWNS,2023-12-14T15:22:44Z
U0258,A025801,OWNS,2024-01-31T15:22:44Z
U0259,A025901,OWNS,2025-05-25T15:22:44Z
U0259,A025902,OWNS,2024-06-26T15:22:44Z
U0260,A026001,OWNS,2025-01-05T15:22:44Z
U0260,A026002,OWNS,2023-03-24T15:22:44Z
U0261,A026101,OWNS,2024-07-11T15:22:44Z
U0262,A026201,OWNS,2024-12-07T15:22:44Z
U0262,A026202,OWNS,2023-12-13T15:22:44Z
U0262,A026203,OWNS,2024-02-10T15:22:44Z
U0263,A026301,OWNS,2024-03-13T15:22:44Z
U0263,A026302,OWNS,2025-07-25T15:22:44Z
U0263,A026303,OWNS,2024-10-29T15:22:44Z
U0264,A026401,OWNS,2023-03-06T15:22:44Z
U0264,A026402,OWNS,2023-05-11T15:22:44Z
U0265,A026501,OWNS,2024-09-11T15:22:44Z
U0265,A026502,OWNS,2024-06-16T15:22:44Z
U0266,A026601,OWNS,2023-06-13T15:22:44Z
U0266,A026602,OWNS,2023-03-29T15:22:44Z
U0266,A026603,OWNS,2025-01-01T15:22:44Z
U0266,A026604,OWNS,2023-08-29T15:22:44Z
U0267,A026701,OWNS,2024-09-07T15:22:44Z
U0267,A026702,OWNS,2025-04-27T15:22:44Z
U0268,A026801,OWNS,2023-04-10T15:22:44Z
U0268,A026802,OWNS,2023-10-20T15:22:44Z
U0269,A026901,OWNS,2025-07-03T15:22:44Z
U0269,A026902,OWNS,2024-08-18T15:22:44Z
U0270,A027001,OWNS,2024-03-08T15:22:44Z
U0271,A027101,OWNS,2023-06-10T15:22:44Z
U0271,A027102,OWNS,2025-02-26T15:22:44Z
U0271,A027103,OWNS,2024-08-11T15:22:44Z
U0272,A027201,OWNS,2023-11-23T15:22:44Z
U0273,A027301,OWNS,2025-08-10T15:22:44Z
U0274,A027401,OWNS,2023-07-31T15:22:44Z
U0274,A027402,OWNS,2024-07-03T15:22:44Z
U0275,A027501,OWNS,2025-01-12T15:22:44Z
U0275,A027502,OWNS,2024-06-11T15:22:44Z
U0275,A027503,OWNS,2025-06-09T15:22:44Z
U0275,A027504,OWNS,2024-05-13T15:22:44Z
U0276,A027601,OWNS,2025-01-27T15:22:44Z
U0276,A027602,OWNS,2024-09-21T15:22:44Z
U0277,A027701,OWNS,2022-11-27T15:22:44Z
U0277,A027702,OWNS,2025-08-02T15:22:44Z
U0278,A027801,OWNS,2023-04-06T15:22:44Z
U0278,A027802,OWNS,2023-08-31T15:22:44Z
U0279,A027901,OWNS,2023-10-28T15:22:44Z
U0279,A027902,OWNS,2023-06-10T15:22:44Z
U0279,A027903,OWNS,2024-11-21T15:22:44Z
U0279,A027904,OWNS,2023-02-09T15:22:44Z
U0280,A028001,OWNS,2023-05-21T15:22:44Z
U0281,A028101,OWNS,2023-11-14T15:22:44Z
U0282,A028201,OWNS,2025-06-27T15:22:44Z
U0282,A028202,OWNS,2024-01-03T15:22:44Z
U0282,A028203,OWNS,2025-04-15T15:22:44Z
U0283,A028301,OWNS,2025-03-07T15:22:44Z
U0283,A028302,OWNS,2024-01-16T15:22:44Z
U0283,A028303,OWNS,2024-08-28T15:22:44Z
U0284,A028401,OWNS,2022-12-16T15:22:44Z
U0284,A028402,OWNS,2024-04-27T15:22:44Z
U0284,A028403,OWNS,2023-01-17T15:22:44Z
U0284,A028404,OWNS,2023-02-22T15:22:44Z
U0285,A028501,OWNS,2025-04-23T15:22:44Z
U0285,A028502,OWNS,2024-08-17T15:22:44Z
U0285,A028503,OWNS,2025-03-23T15:22:44Z
U0285,A028504,OWNS,2025-08-07T15:22:44Z
U0286,A028601,OWNS,2025-01-28T15:22:44Z
U0286,A028602,OWNS,2024-06-13T15:22:44Z
U0287,A028701,OWNS,2025-06-08T15:22:44Z
U0287,A028702,OWNS,2024-09-28T15:22:44Z
U0287,A028703,OWNS,2024-10-02T15:22:44Z
U0287,A028704,OWNS,2024-05-10T15:22:44Z
U0288,A028801,OWNS,2025-04-27T15:22:44Z
U0288,A028802,OWNS,2023-09-14T15:22:44Z
U0288,A028803,OWNS,2023-01-14T15:22:44Z
U0289,A028901,OWNS,2024-11-21T15:22:44Z
U0289,A028902,OWNS,2023-04-16T15:22:44Z
U0290,A029001,OWNS,2023-01-23T15:22:44Z
U0290,A029002,OWNS,2025-01-23T15:22:44Z
U0290,A029003,OWNS,2025-03-03T15:22:44Z
U0291,A029101,OWNS,2024-10-21T15:22:44Z
U0291,A029102,OWNS,2023-12-05T15:22:44Z
U0292,A029201,OWNS,2023-03-02T15:22:44Z
U0292,A029202,OWNS,2025-01-22T15:22:44Z
U0293,A029301,OWNS,2023-10-06T15:22:44Z
U0293,A029302,OWNS,2023-02-28T15:22:44Z
U0294,A029401,OWNS,2024-08-24T15:22:44Z
U0294,A029402,OWNS,2024-08-10T15:22:44Z
U0294,A029403,OWNS,2023-02-18T15:22:44Z
U0295,A029501,OWNS,2024-08-18T15:22:44Z
U0295,A029502,OWNS,2022-11-26T15:22:44Z
U0295,A029503,OWNS,2023-01-19T15:22:44Z
U0295,A029504,OWNS,2023-03-04T15:22:44Z
U0296,A029601,OWNS,2024-01-03T15:22:44Z
U0296,A029602,OWNS,2024-06-01T15:22:44Z
U0296,A029603,OWNS,2024-08-28T15:22:44Z
U0296,A029604,OWNS,2025-03-21T15:22:44Z
U0297,A029701,OWNS,2024-08-25T15:22:44Z
U0297,A029702,OWNS,2024-01-22T15:22:44Z
U0298,A029801,OWNS,2024-07-19T15:22:44Z
U0298,A029802,OWNS,2023-12-16T15:22:44Z
U0298,A029803,OWNS,2023-05-18T15:22:44Z
U0298,A029804,OWNS,2025-04-02T15:22:44Z
U0299,A029901,OWNS,2024-03-21T15:22:44Z
U0300,A030001,OWNS,2023-11-28T15:22:44Z
U0301,A030101,OWNS,2023-06-29T15:22:44Z
U0302,A030201,OWNS,2025-04-16T15:22:44Z
U0302,A030202,OWNS,2025-06-25T15:22:44Z
U0303,A030301,OWNS,2023-05-17T15:22:44Z
U0303,A030302,OWNS,2025-08-18T15:22:44Z
U0304,A030401,OWNS,2024-06-30T15:22:44Z
U0304,A030402,OWNS,2023-04-03T15:22:44Z
U0305,A030501,OWNS,2023-07-21T15:22:44Z
U0305,A030502,OWNS,2024-10-26T15:22:44Z
U0305,A030503,OWNS,2024-11-10T15:22:44Z
U0306,A030601,OWNS,2025-07-15T15:22:44Z
U0307,A030701,OWNS,2023-03-21T15:22:44Z
U0308,A030801,OWNS,2023-03-23T15:22:44Z
U0308,A030802,OWNS,2024-10-12T15:22:44Z
U0309,A030901,OWNS,2024-09-21T15:22:44Z
U0309,A030902,OWNS,2023-04-22T15:22:44Z
U0309,A030903,OWNS,2025-03-09T15:22:44Z
U0310,A031001,OWNS,2023-07-07T15:22:44Z
U0311,A031101,OWNS,2025-04-30T15:22:44Z
U0311,A031102,OWNS,2024-01-09T15:22:44Z
U0312,A031201,OWNS,2023-11-13T15:22:44Z
U0312,A031202,OWNS,2025-03-28T15:22:44Z
U0312,A031203,OWNS,2024-02-06T15:22:44Z
U0313,A031301,OWNS,2023-03-29T15:22:44Z
U0313,A031302,OWNS,2024-07-29T15:22:44Z
U0314,A031401,OWNS,2023-01-17T15:22:44Z
U0314,A031402,OWNS,2023-03-09T15:22:44Z
U0315,A031501,OWNS,2023-10-20T15:22:44Z
U0315,A031502,OWNS,2024-09-10T15:22:44Z
U0316,A031601,OWNS,2025-07-13T15:22:44Z
U0316,A031602,OWNS,2023-07-23T15:22:44Z
U0316,A031603,OWNS,2022-12-23T15:22:44Z
U0316,A031604,OWNS,2024-03-28T15:22:44Z
U0317,A031701,OWNS,2024-07-26T15:22:44Z
U0317,A031702,OWNS,2025-06-26T15:22:44Z
U0317,A031703,OWNS,2023-08-31T15:22:44Z
U0318,A031801,OWNS,2024-06-22T15:22:44Z
U0319,A031901,OWNS,2025-07-05T15:22:44Z
U0320,A032001,OWNS,2024-03-30T15:22:44Z
U0321,A032101,OWNS,2024-08-29T15:22:44Z
U0321,A032102,OWNS,2024-11-05T15:22:44Z
U0322,A032201,OWNS,2023-06-28T15:22:44Z
U0323,A032301,OWNS,2023-03-19T15:22:44Z
U0324,A032401,OWNS,2023-07-08T15:22:44Z
U0325,A032501,OWNS,2023-07-10T15:22:44Z
U0325,A032502,OWNS,2023-01-07T15:22:44Z
U0326,A032601,OWNS,2024-11-04T15:22:44Z
U0326,A032602,OWNS,2023-06-21T15:22:44Z
U0327,A032701,OWNS,2024-01-14T15:22:44Z
U0327,A032702,OWNS,2024-05-02T15:22:44Z
U0327,A032703,OWNS,2024-04-14T15:22:44Z
U0328,A032801,OWNS,2025-04-10T15:22:44Z
U0328,A032802,OWNS,2023-10-17T15:22:44Z
U0328,A032803,OWNS,2023-09-18T15:22:44Z
U0329,A032901,OWNS,2025-04-29T15:22:44Z
U0329,A032902,OWNS,2024-12-19T15:22:44Z
U0330,A033001,OWNS,2023-02-12T15:22:44Z
U0330,A033002,OWNS,2023-11-21T15:22:44Z
U0331,A033101,OWNS,2024-07-27T15:22:44Z
U0331,A033102,OWNS,2024-07-24T15:22:44Z
U0331,A033103,OWNS,2022-12-11T15:22:44Z
U0332,A033201,OWNS,2024-03-04T15:22:44Z
U0332,A033202,OWNS,2024-10-22T15:22:44Z
U0332,A033203,OWNS,2022-11-22T15:22:44Z
U0333,A033301,OWNS,2024-12-26T15:22:44Z
U0333,A033302,OWNS,2023-04-25T15:22:44Z
U0334,A033401,OWNS,2024-03-19T15:22:44Z
U0334,A033402,OWNS,2025-01-28T15:22:44Z
U0335,A033501,OWNS,2024-06-03T15:22:44Z
U0335,A033502,OWNS,2024-03-09T15:22:44Z
U0335,A033503,OWNS,2025-04-10T15:22:44Z
U0336,A033601,OWNS,2022-12-20T15:22:44Z
U0336,A033602,OWNS,2023-04-17T15:22:44Z
U0336,A033603,OWNS,2025-02-12T15:22:44Z
U0336,A033604,OWNS,2025-05-25T15:22:44Z
U0337,A033701,OWNS,2024-09-03T15:22:44Z
U0338,A033801,OWNS,2023-02-27T15:22:44Z
U0338,A033802,OWNS,2024-01-08T15:22:44Z
U0338,A033803,OWNS,2025-03-02T15:22:44Z
U0338,A033804,OWNS,2023-02-24T15:22:44Z
U0339,A033901,OWNS,2022-12-10T15:22:44Z
U0339,A033902,OWNS,2024-04-05T15:22:44Z
U0339,A033903,OWNS,2022-12-28T15:22:44Z
U0340,A034001,OWNS,2023-03-17T15:22:44Z
U0340,A034002,OWNS,2022-12-01T15:22:44Z
U0341,A034101,OWNS,2023-08-26T15:22:44Z
U0341,A034102,OWNS,2023-05-28T15:22:44Z
U0342,A034201,OWNS,2024-04-24T15:22:44Z
U0342,A034202,OWNS,2025-04-06T15:22:44Z
U0342,A034203,OWNS,2023-08-09T15:22:44Z
U0343,A034301,OWNS,2024-08-26T15:22:44Z
U0343,A034302,OWNS,2023-04-11T15:22:44Z
U0344,A034401,OWNS,2024-09-19T15:22:44Z
U0345,A034501,OWNS,2024-04-05T15:22:44Z
U0346,A034601,OWNS,2024-05-23T15:22:44Z
U0347,A034701,OWNS,2024-02-17T15:22:44Z
U0347,A034702,OWNS,2023-12-02T15:22:44Z
U0348,A034801,OWNS,2024-03-05T15:22:44Z
U0348,A034802,OWNS,2023-04-13T15:22:44Z
U0348,A034803,OWNS,2025-03-06T15:22:44Z
U0348,A034804,OWNS,2023-07-30T15:22:44Z
U0349,A034901,OWNS,2023-06-20T15:22:44Z
U0350,A035001,OWNS,2023-08-29T15:22:44Z
U0350,A035002,OWNS,2023-04-21T15:22:44Z
U0350,A035003,OWNS,2023-05-30T15:22:44Z
U0351,A035101,OWNS,2024-10-24T15:22:44Z
U0352,A035201,OWNS,2023-06-29T15:22:44Z
U0352,A035202,OWNS,2022-11-24T15:22:44Z
U0353,A035301,OWNS,2025-01-18T15:22:44Z
U0353,A035302,OWNS,2025-03-27T15:22:44Z
U0353,A035303,OWNS,2024-01-16T15:22:44Z
U0354,A035401,OWNS,2023-09-12T15:22:44Z
U0354,A035402,OWNS,2024-03-25T15:22:44Z
U0355,A035501,OWNS,2025-04-16T15:22:44Z
U0355,A035502,OWNS,2025-07-10T15:22:44Z
U0356,A035601,OWNS,2024-11-14T15:22:44Z
U0356,A035602,OWNS,2023-10-23T15:22:44Z
U0357,A035701,OWNS,2025-03-03T15:22:44Z
U0357,A035702,OWNS,2025-02-16T15:22:44Z
U0357,A035703,OWNS,2024-10-03T15:22:44Z
U0357,A035704,OWNS,2024-05-06T15:22:44Z
U0358,A035801,OWNS,2024-10-31T15:22:44Z
U0358,A035802,OWNS,2024-08-07T15:22:44Z
U0359,A035901,OWNS,2025-05-06T15:22:44Z
U0359,A035902,OWNS,2024-07-22T15:22:44Z
U0359,A035903,OWNS,2023-07-26T15:22:44Z
U0360,A036001,OWNS,2024-09-21T15:22:44Z
U0361,A036101,OWNS,2023-08-26T15:22:44Z
U0362,A036201,OWNS,2023-09-07T15:22:44Z
U0362,A036202,OWNS,2023-10-21T15:22:44Z
U0362,A036203,OWNS,2024-04-28T15:22:44Z
U0363,A036301,OWNS,2023-12-27T15:22:44Z
U0364,A036401,OWNS,2024-12-02T15:22:44Z
U0364,A036402,OWNS,2025-07-18T15:22:44Z
U0365,A036501,OWNS,2023-11-30T15:22:44Z
U0365,A036502,OWNS,2023-03-11T15:22:44Z
U0365,A036503,OWNS,2025-04-18T15:22:44Z
U0366,A036601,OWNS,2023-02-11T15:22:44Z
U0366,A036602,OWNS,2024-03-08T15:22:44Z
U0367,A036701,OWNS,2025-01-27T15:22:44Z
U0368,A036801,OWNS,2025-05-20T15:22:44Z
U0368,A036802,OWNS,2025-02-09T15:22:44Z
U0369,A036901,OWNS,2023-04-14T15:22:44Z
U0370,A037001,OWNS,2023-04-16T15:22:44Z
U0371,A037101,OWNS,2024-05-15T15:22:44Z
U0371,A037102,OWNS,2022-12-20T15:22:44Z
U0372,A037201,OWNS,2024-02-01T15:22:44Z
U0372,A037202,OWNS,2025-01-15T15:22:44Z
U0372,A037203,OWNS,2024-03-07T15:22:44Z
U0373,A037301,OWNS,2023-02-08T15:22:44Z
U0373,A037302,OWNS,2023-10-25T15:22:44Z
U0374,A037401,OWNS,2024-07-06T15:22:44Z
U0374,A037402,OWNS,2023-12-12T15:22:44Z
U0375,A037501,OWNS,2024-03-12T15:22:44Z
U0375,A037502,OWNS,2022-12-27T15:22:44Z
U0375,A037503,OWNS,2023-10-09T15:22:44Z
U0375,A037504,OWNS,2023-05-30T15:22:44Z
U0376,A037601,OWNS,2025-01-22T15:22:44Z
U0376,A037602,OWNS,2024-01-28T15:22:44Z
U0377,A037701,OWNS,2024-05-01T15:22:44Z
U0378,A037801,OWNS,2024-07-11T15:22:44Z
U0378,A037802,OWNS,2022-11-29T15:22:44Z
U0378,A037803,OWNS,2023-06-24T15:22:44Z
U0379,A037901,OWNS,2023-10-19T15:22:44Z
U0380,A038001,OWNS,2024-08-29T15:22:44Z
U0380,A038002,OWNS,2023-05-19T15:22:44Z
U0381,A038101,OWNS,2023-07-21T15:22:44Z
U0381,A038102,OWNS,2024-03-22T15:22:44Z
U0382,A038201,OWNS,2022-12-22T15:22:44Z
U0382,A038202,OWNS,2023-05-09T15:22:44Z
U0382,A038203,OWNS,2024-11-03T15:22:44Z
U0383,A038301,OWNS,2024-10-22T15:22:44Z
U0384,A038401,OWNS,2025-05-14T15:22:44Z
U0384,A038402,OWNS,2023-02-16T15:22:44Z
U0384,A038403,OWNS,2023-01-21T15:22:44Z
U0385,A038501,OWNS,2024-07-23T15:22:44Z
U0385,A038502,OWNS,2023-07-13T15:22:44Z
U0386,A038601,OWNS,2023-03-28T15:22:44Z
U0386,A038602,OWNS,2024-01-09T15:22:44Z
U0387,A038701,OWNS,2024-06-28T15:22:44Z
U0387,A038702,OWNS,2024-11-18T15:22:44Z
U0387,A038703,OWNS,2024-12-31T15:22:44Z
U0387,A038704,OWNS,2024-10-28T15:22:44Z
U0388,A038801,OWNS,2024-05-20T15:22:44Z
U0389,A038901,OWNS,2024-04-07T15:22:44Z
U0390,A039001,OWNS,2025-03-01T15:22:44Z
U0390,A039002,OWNS,2025-07-26T15:22:44Z
U0391,A039101,OWNS,2024-01-12T15:22:44Z
U0392,A039201,OWNS,2023-11-12T15:22:44Z
U0392,A039202,OWNS,2023-11-06T15:22:44Z
U0392,A039203,OWNS,2023-03-23T15:22:44Z
U0392,A039204,OWNS,2025-03-11T15:22:44Z
U0393,A039301,OWNS,2024-06-24T15:22:44Z
U0393,A039302,OWNS,2023-12-03T15:22:44Z
U0394,A039401,OWNS,2025-07-26T15:22:44Z
U0394,A039402,OWNS,2023-03-18T15:22:44Z
U0395,A039501,OWNS,2024-01-05T15:22:44Z
U0396,A039601,OWNS,2024-12-11T15:22:44Z
U0396,A039602,OWNS,2023-09-20T15:22:44Z
U0396,A039603,OWNS,2024-07-20T15:22:44Z
U0397,A039701,OWNS,2023-06-23T15:22:44Z
U0398,A039801,OWNS,2023-08-10T15:22:44Z
U0398,A039802,OWNS,2023-01-27T15:22:44Z
U0398,A039803,OWNS,2024-09-15T15:22:44Z
U0399,A039901,OWNS,2024-11-10T15:22:44Z
U0399,A039902,OWNS,2025-07-23T15:22:44Z
U0400,A040001,OWNS,2023-05-17T15:22:44Z
U0400,A040002,OWNS,2024-07-21T15:22:44Z
U0400,A040003,OWNS,2023-12-30T15:22:44Z
U0401,A040101,OWNS,2024-03-23T15:22:44Z
U0401,A040102,OWNS,2023-10-25T15:22:44Z
U0401,A040103,OWNS,2023-02-12T15:22:44Z
U0401,A040104,OWNS,2024-12-31T15:22:44Z
U0402,A040201,OWNS,2023-05-03T15:22:44Z
U0402,A040202,OWNS,2025-01-23T15:22:44Z
U0402,A040203,OWNS,2022-12-18T15:22:44Z
U0402,A040204,OWNS,2023-04-05T15:22:44Z
U0403,A040301,OWNS,2023-09-12T15:22:44Z
U0403,A040302,OWNS,2024-11-19T15:22:44Z
U0404,A040401,OWNS,2024-02-16T15:22:44Z
U0405,A040501,OWNS,2024-10-15T15:22:44Z
U0406,A040601,OWNS,2023-12-12T15:22:44Z
U0406,A040602,OWNS,2024-04-11T15:22:44Z
U0406,A040603,OWNS,2024-02-21T15:22:44Z
U0407,A040701,OWNS,2024-04-24T15:22:44Z
U0407,A040702,OWNS,2023-09-29T15:22:44Z
U0408,A040801,OWNS,2024-02-22T15:22:44Z
U0409,A040901,OWNS,2022-12-13T15:22:44Z
U0409,A040902,OWNS,2024-06-18T15:22:44Z
U0409,A040903,OWNS,2024-04-22T15:22:44Z
U0410,A041001,OWNS,2023-06-30T15:22:44Z
U0410,A041002,OWNS,2023-10-27T15:22:44Z
U0411,A041101,OWNS,2023-06-01T15:22:44Z
U0412,A041201,OWNS,2022-12-28T15:22:44Z
U0413,A041301,OWNS,2024-09-02T15:22:44Z
U0413,A041302,OWNS,2025-04-27T15:22:44Z
U0414,A041401,OWNS,2024-01-10T15:22:44Z
U0415,A041501,OWNS,2022-12-12T15:22:44Z
U0415,A041502,OWNS,2025-02-11T15:22:44Z
U0415,A041503,OWNS,2025-01-27T15:22:44Z
U0416,A041601,OWNS,2023-01-27T15:22:44Z
U0416,A041602,OWNS,2025-07-17T15:22:44Z
U0416,A041603,OWNS,2024-11-02T15:22:44Z
U0417,A041701,OWNS,2023-12-03T15:22:44Z
U0417,A041702,OWNS,2023-09-18T15:22:44Z
U0417,A041703,OWNS,2025-03-16T15:22:44Z
U0418,A041801,OWNS,2023-11-19T15:22:44Z
U0418,A041802,OWNS,2024-06-07T15:22:44Z
U0418,A041803,OWNS,2024-09-18T15:22:44Z
U0419,A041901,OWNS,2022-12-25T15:22:44Z
U0419,A041902,OWNS,2024-09-17T15:22:44Z
U0420,A042001,OWNS,2025-03-31T15:22:44Z
U0420,A042002,OWNS,2025-07-23T15:22:44Z
U0420,A042003,OWNS,2024-07-25T15:22:44Z
U0420,A042004,OWNS,2023-06-21T15:22:44Z
U0421,A042101,OWNS,2023-07-13T15:22:44Z
U0422,A042201,OWNS,2022-12-08T15:22:44Z
U0423,A042301,OWNS,2022-12-18T15:22:44Z
U0423,A042302,OWNS,2025-07-03T15:22:44Z
U0424,A042401,OWNS,2024-10-22T15:22:44Z
U0425,A042501,OWNS,2024-03-27T15:22:44Z
U0426,A042601,OWNS,2024-02-13T15:22:44Z
U0427,A042701,OWNS,2024-04-30T15:22:44Z
U0427,A042702,OWNS,2023-12-10T15:22:44Z
U0428,A042801,OWNS,2023-04-20T15:22:44Z
U0428,A042802,OWNS,2025-04-08T15:22:44Z
U0429,A042901,OWNS,2024-10-14T15:22:44Z
U0430,A043001,OWNS,2023-01-04T15:22:44Z
U0430,A043002,OWNS,2023-11-10T15:22:44Z
U0431,A043101,OWNS,2025-02-07T15:22:44Z
U0432,A043201,OWNS,2023-01-15T15:22:44Z
U0433,A043301,OWNS,2025-06-15T15:22:44Z
U0434,A043401,OWNS,2024-10-08T15:22:44Z
U0434,A043402,OWNS,2022-12-03T15:22:44Z
U0435,A043501,OWNS,2024-02-28T15:22:44Z
U0435,A043502,OWNS,2023-09-08T15:22:44Z
U0436,A043601,OWNS,2024-06-10T15:22:44Z
U0437,A043701,OWNS,2023-08-24T15:22:44Z
U0437,A043702,OWNS,2023-11-30T15:22:44Z
U0437,A043703,OWNS,2025-03-28T15:22:44Z
U0438,A043801,OWNS,2025-03-28T15:22:44Z
U0439,A043901,OWNS,2025-05-05T15:22:44Z
U0440,A044001,OWNS,2022-12-20T15:22:44Z
U0441,A044101,OWNS,2023-07-31T15:22:44Z
U0441,A044102,OWNS,2023-03-12T15:22:44Z
U0441,A044103,OWNS,2024-06-13T15:22:44Z
U0442,A044201,OWNS,2023-05-16T15:22:44Z
U0442,A044202,OWNS,2024-05-31T15:22:44Z
U0442,A044203,OWNS,2023-08-24T15:22:44Z
U0442,A044204,OWNS,2023-12-06T15:22:44Z
U0443,A044301,OWNS,2024-06-13T15:22:44Z
U0443,A044302,OWNS,2023-10-26T15:22:44Z
U0444,A044401,OWNS,2025-05-09T15:22:44Z
U0444,A044402,OWNS,2024-05-08T15:22:44Z
U0445,A044501,OWNS,2025-03-07T15:22:44Z
U0445,A044502,OWNS,2024-07-04T15:22:44Z
U0446,A044601,OWNS,2025-05-18T15:22:44Z
U0446,A044602,OWNS,2025-02-09T15:22:44Z
U0447,A044701,OWNS,2023-01-31T15:22:44Z
U0447,A044702,OWNS,2024-01-23T15:22:44Z
U0448,A044801,OWNS,2024-02-20T15:22:44Z
U0448,A044802,OWNS,2023-04-06T15:22:44Z
U0449,A044901,OWNS,2024-03-30T15:22:44Z
U0449,A044902,OWNS,2023-03-06T15:22:44Z
U0450,A045001,OWNS,2025-02-03T15:22:44Z
U0450,A045002,OWNS,2024-01-07T15:22:44Z
U0450,A045003,OWNS,2023-05-26T15:22:44Z
U0451,A045101,OWNS,2023-08-30T15:22:44Z
U0451,A045102,OWNS,2023-01-22T15:22:44Z
U0451,A045103,OWNS,2024-10-01T15:22:44Z
U0451,A045104,OWNS,2023-08-15T15:22:44Z
U0452,A045201,OWNS,2025-07-27T15:22:44Z
U0452,A045202,OWNS,2024-04-17T15:22:44Z
U0453,A045301,OWNS,2022-12-27T15:22:44Z
U0453,A045302,OWNS,2024-10-05T15:22:44Z
U0453,A045303,OWNS,2024-01-13T15:22:44Z
U0454,A045401,OWNS,2022-11-22T15:22:44Z
U0454,A045402,OWNS,2025-03-06T15:22:44Z
U0454,A045403,OWNS,2023-07-03T15:22:44Z
U0455,A045501,OWNS,2024-07-24T15:22:44Z
U0455,A045502,OWNS,2025-05-12T15:22:44Z
U0456,A045601,OWNS,2024-05-13T15:22:44Z
U0456,A045602,OWNS,2025-06-17T15:22:44Z
U0457,A045701,OWNS,2025-06-08T15:22:44Z
U0457,A045702,OWNS,2025-02-13T15:22:44Z
U0458,A045801,OWNS,2023-05-03T15:22:44Z
U0458,A045802,OWNS,2023-02-21T15:22:44Z
U0458,A045803,OWNS,2023-01-04T15:22:44Z
U0459,A045901,OWNS,2024-02-04T15:22:44Z
U0459,A045902,OWNS,2024-01-29T15:22:44Z
U0459,A045903,OWNS,2022-12-09T15:22:44Z
U0459,A045904,OWNS,2024-08-17T15:22:44Z
U0460,A046001,OWNS,2023-07-05T15:22:44Z
U0460,A046002,OWNS,2024-05-17T15:22:44Z
U0461,A046101,OWNS,2024-10-09T15:22:44Z
U0462,A046201,OWNS,2025-02-22T15:22:44Z
U0462,A046202,OWNS,2025-07-01T15:22:44Z
U0462,A046203,OWNS,2025-06-26T15:22:44Z
U0463,A046301,OWNS,2023-02-17T15:22:44Z
U0464,A046401,OWNS,2023-02-04T15:22:44Z
U0464,A046402,OWNS,2023-04-25T15:22:44Z
U0464,A046403,OWNS,2023-12-14T15:22:44Z
U0464,A046404,OWNS,2023-09-22T15:22:44Z
U0465,A046501,OWNS,2023-05-05T15:22:44Z
U0465,A046502,OWNS,2023-09-09T15:22:44Z
U0465,A046503,OWNS,2023-10-10T15:22:44Z
U0466,A046601,OWNS,2023-08-17T15:22:44Z
U0467,A046701,OWNS,2023-04-05T15:22:44Z
U0467,A046702,OWNS,2024-04-25T15:22:44Z
U0467,A046703,OWNS,2024-07-17T15:22:44Z
U0468,A046801,OWNS,2023-06-25T15:22:44Z
U0468,A046802,OWNS,2024-01-14T15:22:44Z
U0469,A046901,OWNS,2025-02-11T15:22:44Z
U0470,A047001,OWNS,2025-06-21T15:22:44Z
U0470,A047002,OWNS,2025-08-01T15:22:44Z
U0471,A047101,OWNS,2024-01-16T15:22:44Z
U0472,A047201,OWNS,2023-11-27T15:22:44Z
U0472,A047202,OWNS,2023-11-30T15:22:44Z
U0472,A047203,OWNS,2024-05-10T15:22:44Z
U0472,A047204,OWNS,2023-11-05T15:22:44Z
U0473,A047301,OWNS,2023-03-30T15:22:44Z
U0474,A047401,OWNS,2024-09-19T15:22:44Z
U0474,A047402,OWNS,2024-12-10T15:22:44Z
U0475,A047501,OWNS,2024-05-12T15:22:44Z
U0475,A047502,OWNS,2025-01-08T15:22:44Z
U0476,A047601,OWNS,2023-09-22T15:22:44Z
U0476,A047602,OWNS,2023-06-10T15:22:44Z
U0477,A047701,OWNS,2023-03-06T15:22:44Z
U0477,A047702,OWNS,2025-07-28T15:22:44Z
U0478,A047801,OWNS,2023-12-30T15:22:44Z
U0478,A047802,OWNS,2025-02-20T15:22:44Z
U0479,A047901,OWNS,2023-09-02T15:22:44Z
U0479,A047902,OWNS,2022-11-23T15:22:44Z
U0480,A048001,OWNS,2024-08-12T15:22:44Z
U0480,A048002,OWNS,2023-02-15T15:22:44Z
U0480,A048003,OWNS,2024-08-31T15:22:44Z
U0481,A048101,OWNS,2024-09-24T15:22:44Z
U0482,A048201,OWNS,2024-04-04T15:22:44Z
U0483,A048301,OWNS,2024-09-12T15:22:44Z
U0483,A048302,OWNS,2025-08-08T15:22:44Z
U0483,A048303,OWNS,2023-02-04T15:22:44Z
U0484,A048401,OWNS,2025-04-05T15:22:44Z
U0484,A048402,OWNS,2024-04-05T15:22:44Z
U0484,A048403,OWNS,2025-05-24T15:22:44Z
U0485,A048501,OWNS,2024-12-19T15:22:44Z
U0486,A048601,OWNS,2023-06-06T15:22:44Z
U0486,A048602,OWNS,2025-03-29T15:22:44Z
U0487,A048701,OWNS,2024-09-24T15:22:44Z
U0488,A048801,OWNS,2025-08-12T15:22:44Z
U0488,A048802,OWNS,2024-01-07T15:22:44Z
U0489,A048901,OWNS,2023-12-12T15:22:44Z
U0490,A049001,OWNS,2025-03-06T15:22:44Z
U0490,A049002,OWNS,2025-06-18T15:22:44Z
U0491,A049101,OWNS,2024-01-14T15:22:44Z
U0491,A049102,OWNS,2023-05-11T15:22:44Z
U0492,A049201,OWNS,2024-09-20T15:22:44Z
U0492,A049202,OWNS,2024-05-12T15:22:44Z
U0493,A049301,OWNS,2023-05-04T15:22:44Z
U0494,A049401,OWNS,2024-10-12T15:22:44Z
U0494,A049402,OWNS,2024-04-07T15:22:44Z
U0495,A049501,OWNS,2025-03-27T15:22:44Z
U0495,A049502,OWNS,2024-04-03T15:22:44Z
U0495,A049503,OWNS,2023-11-12T15:22:44Z
U0495,A049504,OWNS,2023-12-14T15:22:44Z
U0496,A049601,OWNS,2024-12-22T15:22:44Z
U0496,A049602,OWNS,2023-06-05T15:22:44Z
U0497,A049701,OWNS,2024-12-06T15:22:44Z
U0497,A049702,OWNS,2024-03-13T15:22:44Z
U0497,A049703,OWNS,2024-09-23T15:22:44Z
U0498,A049801,OWNS,2024-04-20T15:22:44Z
U0498,A049802,OWNS,2023-04-27T15:22:44Z
U0498,A049803,OWNS,2022-12-13T15:22:44Z
U0499,A049901,OWNS,2023-05-23T15:22:44Z
U0499,A049902,OWNS,2023-09-01T15:22:44Z
U0499,A049903,OWNS,2025-03-24T15:22:44Z
U0500,A050001,OWNS,2024-05-21T15:22:44Z
U0500,A050002,OWNS,2024-11-09T15:22:44Z
