~from,~to,~label,first_used:Date,last_used:Date,usage_count:Int
U0001,DEV0541,USES,2024-07-09T15:22:44Z,2025-07-27T13:22:44Z,26
U0001,DEV0044,USES,2025-02-08T15:22:44Z,2025-08-05T17:22:44Z,167
U0002,DEV0541,USES,2024-07-09T15:22:44Z,2025-07-30T05:22:44Z,103
U0002,DEV0044,USES,2025-02-08T15:22:44Z,2025-08-05T03:22:44Z,26
U0002,DEV0628,USES,2025-04-21T15:22:44Z,2025-08-01T08:22:44Z,151
U0003,DEV0541,USES,2024-07-09T15:22:44Z,2025-08-02T20:22:44Z,162
U0003,DEV0044,USES,2025-02-08T15:22:44Z,2025-08-15T11:22:44Z,82
U0003,DEV0658,USES,2024-12-17T15:22:44Z,2025-08-06T05:22:44Z,163
U0004,DEV0237,USES,2025-05-30T15:22:44Z,2025-07-29T00:22:44Z,152
U0004,DEV0218,USES,2024-08-13T15:22:44Z,2025-08-08T03:22:44Z,76
U0004,DEV0711,USES,2025-02-06T15:22:44Z,2025-08-06T04:22:44Z,34
U0005,DEV0708,USES,2025-05-06T15:22:44Z,2025-07-29T06:22:44Z,66
U0005,DEV0526,USES,2025-02-09T15:22:44Z,2025-08-13T17:22:44Z,113
U0005,DEV0151,USES,2024-11-06T15:22:44Z,2025-08-16T01:22:44Z,158
U0006,DEV0456,USES,2024-04-19T15:22:44Z,2025-08-15T07:22:44Z,61
U0006,DEV0116,USES,2025-05-29T15:22:44Z,2025-08-01T22:22:44Z,153
U0006,DEV0011,USES,2025-02-05T15:22:44Z,2025-08-11T01:22:44Z,100
U0007,DEV0049,USES,2024-04-05T15:22:44Z,2025-08-03T16:22:44Z,183
U0007,DEV0078,USES,2024-04-10T15:22:44Z,2025-08-16T06:22:44Z,16
U0008,DEV0049,USES,2024-04-05T15:22:44Z,2025-08-06T15:22:44Z,193
U0008,DEV0078,USES,2024-04-10T15:22:44Z,2025-08-12T01:22:44Z,156
U0009,DEV0049,USES,2024-04-05T15:22:44Z,2025-07-31T12:22:44Z,94
U0009,DEV0078,USES,2024-04-10T15:22:44Z,2025-08-03T20:22:44Z,49
U0009,DEV0648,USES,2025-07-05T15:22:44Z,2025-07-27T06:22:44Z,162
U0009,DEV0419,USES,2024-06-12T15:22:44Z,2025-07-28T11:22:44Z,85
U0010,DEV0187,USES,2024-04-12T15:22:44Z,2025-07-20T10:22:44Z,147
U0011,DEV0187,USES,2024-04-12T15:22:44Z,2025-07-30T16:22:44Z,131
U0011,DEV0184,USES,2024-11-03T15:22:44Z,2025-08-14T21:22:44Z,34
U0011,DEV0488,USES,2025-06-23T15:22:44Z,2025-08-01T04:22:44Z,143
U0012,DEV0187,USES,2024-04-12T15:22:44Z,2025-07-29T02:22:44Z,47
U0013,DEV0217,USES,2025-05-12T15:22:44Z,2025-07-20T18:22:44Z,29
U0014,DEV0217,USES,2025-05-12T15:22:44Z,2025-07-30T19:22:44Z,73
U0015,DEV0217,USES,2025-05-12T15:22:44Z,2025-08-06T09:22:44Z,114
U0015,DEV0571,USES,2025-06-25T15:22:44Z,2025-08-03T07:22:44Z,87
U0016,DEV0472,USES,2024-11-08T15:22:44Z,2025-08-11T17:22:44Z,38
U0016,DEV0489,USES,2025-08-10T15:22:44Z,2025-08-09T10:22:44Z,75
U0016,DEV0001,USES,2024-08-04T15:22:44Z,2025-08-07T07:22:44Z,26
U0016,DEV0459,USES,2024-07-20T15:22:44Z,2025-07-20T19:22:44Z,47
U0017,DEV0057,USES,2025-04-28T15:22:44Z,2025-08-14T00:22:44Z,23
U0017,DEV0105,USES,2024-11-09T15:22:44Z,2025-08-15T16:22:44Z,31
U0018,DEV0057,USES,2025-04-28T15:22:44Z,2025-07-28T16:22:44Z,43
U0018,DEV0105,USES,2024-11-09T15:22:44Z,2025-07-29T18:22:44Z,118
U0019,DEV0061,USES,2025-06-12T15:22:44Z,2025-08-03T03:22:44Z,33
U0019,DEV0263,USES,2024-09-16T15:22:44Z,2025-07-28T20:22:44Z,23
U0020,DEV0430,USES,2025-03-10T15:22:44Z,2025-07-26T23:22:44Z,111
U0020,DEV0548,USES,2024-12-23T15:22:44Z,2025-08-06T13:22:44Z,168
U0020,DEV0313,USES,2025-03-20T15:22:44Z,2025-07-30T11:22:44Z,76
U0020,DEV0678,USES,2024-05-19T15:22:44Z,2025-08-15T23:22:44Z,57
U0021,DEV0723,USES,2024-08-04T15:22:44Z,2025-07-25T18:22:44Z,194
U0022,DEV0403,USES,2025-02-23T15:22:44Z,2025-08-16T07:22:44Z,187
U0022,DEV0148,USES,2025-01-26T15:22:44Z,2025-07-29T13:22:44Z,132
U0022,DEV0298,USES,2025-05-25T15:22:44Z,2025-08-07T14:22:44Z,132
U0022,DEV0569,USES,2024-06-04T15:22:44Z,2025-08-13T04:22:44Z,45
U0023,DEV0403,USES,2025-02-23T15:22:44Z,2025-07-31T17:22:44Z,194
U0023,DEV0148,USES,2025-01-26T15:22:44Z,2025-08-11T05:22:44Z,68
U0024,DEV0403,USES,2025-02-23T15:22:44Z,2025-08-08T13:22:44Z,146
U0024,DEV0148,USES,2025-01-26T15:22:44Z,2025-08-07T09:22:44Z,79
U0025,DEV0337,USES,2025-03-16T15:22:44Z,2025-08-11T23:22:44Z,65
U0025,DEV0118,USES,2025-05-08T15:22:44Z,2025-07-19T14:22:44Z,41
U0026,DEV0086,USES,2025-01-16T15:22:44Z,2025-08-13T21:22:44Z,32
U0026,DEV0226,USES,2025-05-16T15:22:44Z,2025-08-13T01:22:44Z,124
U0027,DEV0741,USES,2025-06-25T15:22:44Z,2025-07-23T10:22:44Z,12
U0027,DEV0332,USES,2024-09-07T15:22:44Z,2025-07-22T01:22:44Z,147
U0027,DEV0289,USES,2025-01-21T15:22:44Z,2025-08-11T12:22:44Z,123
U0028,DEV0083,USES,2024-09-07T15:22:44Z,2025-08-14T13:22:44Z,89
U0029,DEV0083,USES,2024-09-07T15:22:44Z,2025-07-29T06:22:44Z,132
U0030,DEV0083,USES,2024-09-07T15:22:44Z,2025-07-19T21:22:44Z,133
U0031,DEV0114,USES,2025-05-19T15:22:44Z,2025-07-31T16:22:44Z,19
U0031,DEV0276,USES,2025-05-13T15:22:44Z,2025-07-19T08:22:44Z,152
U0031,DEV0721,USES,2024-05-07T15:22:44Z,2025-07-24T03:22:44Z,95
U0031,DEV0269,USES,2024-08-20T15:22:44Z,2025-07-22T10:22:44Z,50
U0031,DEV0296,USES,2024-08-01T15:22:44Z,2025-08-07T16:22:44Z,183
U0032,DEV0149,USES,2024-05-18T15:22:44Z,2025-07-20T05:22:44Z,20
U0032,DEV0381,USES,2024-09-09T15:22:44Z,2025-07-30T17:22:44Z,41
U0032,DEV0200,USES,2024-06-08T15:22:44Z,2025-07-21T23:22:44Z,98
U0033,DEV0003,USES,2024-08-04T15:22:44Z,2025-08-05T21:22:44Z,13
U0033,DEV0637,USES,2024-07-11T15:22:44Z,2025-08-07T20:22:44Z,61
U0034,DEV0015,USES,2024-10-27T15:22:44Z,2025-08-12T08:22:44Z,182
U0034,DEV0303,USES,2025-07-09T15:22:44Z,2025-08-10T12:22:44Z,189
U0035,DEV0025,USES,2024-07-02T15:22:44Z,2025-08-08T07:22:44Z,31
U0036,DEV0220,USES,2025-02-15T15:22:44Z,2025-07-26T22:22:44Z,189
U0036,DEV0464,USES,2024-09-06T15:22:44Z,2025-08-01T07:22:44Z,174
U0037,DEV0136,USES,2024-10-07T15:22:44Z,2025-08-09T03:22:44Z,125
U0038,DEV0394,USES,2025-06-07T15:22:44Z,2025-07-23T22:22:44Z,110
U0039,DEV0511,USES,2025-02-11T15:22:44Z,2025-07-24T09:22:44Z,37
U0039,DEV0202,USES,2024-10-31T15:22:44Z,2025-08-15T18:22:44Z,116
U0039,DEV0195,USES,2024-06-10T15:22:44Z,2025-07-22T19:22:44Z,42
U0039,DEV0246,USES,2024-10-18T15:22:44Z,2025-08-10T05:22:44Z,191
U0040,DEV0120,USES,2024-09-15T15:22:44Z,2025-07-25T12:22:44Z,78
U0040,DEV0126,USES,2024-10-17T15:22:44Z,2025-07-21T04:22:44Z,110
U0040,DEV0640,USES,2025-03-26T15:22:44Z,2025-07-29T00:22:44Z,151
U0041,DEV0356,USES,2025-06-12T15:22:44Z,2025-08-10T00:22:44Z,183
U0041,DEV0364,USES,2024-09-23T15:22:44Z,2025-07-22T08:22:44Z,39
U0042,DEV0162,USES,2025-05-01T15:22:44Z,2025-08-18T10:22:44Z,54
U0042,DEV0602,USES,2024-12-19T15:22:44Z,2025-08-12T14:22:44Z,68
U0042,DEV0652,USES,2024-10-24T15:22:44Z,2025-08-17T04:22:44Z,185
U0043,DEV0107,USES,2024-11-12T15:22:44Z,2025-08-17T10:22:44Z,151
U0043,DEV0338,USES,2025-04-20T15:22:44Z,2025-08-12T08:22:44Z,170
U0043,DEV0034,USES,2024-07-09T15:22:44Z,2025-08-12T07:22:44Z,171
U0043,DEV0449,USES,2025-03-01T15:22:44Z,2025-08-17T18:22:44Z,7
U0044,DEV0440,USES,2024-06-29T15:22:44Z,2025-07-29T20:22:44Z,77
U0044,DEV0650,USES,2025-08-15T15:22:44Z,2025-08-15T00:22:44Z,21
U0044,DEV0746,USES,2024-09-02T15:22:44Z,2025-08-09T19:22:44Z,88
U0045,DEV0230,USES,2025-04-13T15:22:44Z,2025-07-27T22:22:44Z,168
U0045,DEV0406,USES,2025-01-28T15:22:44Z,2025-07-19T18:22:44Z,96
U0045,DEV0266,USES,2025-05-06T15:22:44Z,2025-07-22T10:22:44Z,173
U0046,DEV0065,USES,2024-09-08T15:22:44Z,2025-07-21T19:22:44Z,154
U0047,DEV0378,USES,2025-07-03T15:22:44Z,2025-07-25T13:22:44Z,129
U0047,DEV0219,USES,2024-06-18T15:22:44Z,2025-08-13T05:22:44Z,167
U0048,DEV0234,USES,2024-10-31T15:22:44Z,2025-07-26T08:22:44Z,62
U0048,DEV0023,USES,2024-05-02T15:22:44Z,2025-08-07T06:22:44Z,38
U0048,DEV0007,USES,2025-04-28T15:22:44Z,2025-08-01T21:22:44Z,83
U0048,DEV0732,USES,2025-08-01T15:22:44Z,2025-07-23T14:22:44Z,81
U0049,DEV0452,USES,2024-11-05T15:22:44Z,2025-07-30T14:22:44Z,157
U0049,DEV0315,USES,2025-08-14T15:22:44Z,2025-07-28T12:22:44Z,172
U0049,DEV0630,USES,2024-09-04T15:22:44Z,2025-08-16T17:22:44Z,34
U0050,DEV0607,USES,2025-08-09T15:22:44Z,2025-08-15T12:22:44Z,132
U0050,DEV0729,USES,2025-05-24T15:22:44Z,2025-08-12T07:22:44Z,138
U0050,DEV0146,USES,2024-12-28T15:22:44Z,2025-08-06T17:22:44Z,109
U0050,DEV0347,USES,2024-04-20T15:22:44Z,2025-08-16T22:22:44Z,132
U0051,DEV0358,USES,2025-04-05T15:22:44Z,2025-07-26T12:22:44Z,29
U0051,DEV0437,USES,2024-05-10T15:22:44Z,2025-07-21T14:22:44Z,7
U0051,DEV0384,USES,2025-02-19T15:22:44Z,2025-07-27T19:22:44Z,48
U0051,DEV0515,USES,2024-09-14T15:22:44Z,2025-07-21T01:22:44Z,164
U0052,DEV0439,USES,2024-04-15T15:22:44Z,2025-07-21T18:22:44Z,191
U0052,DEV0731,USES,2024-05-06T15:22:44Z,2025-08-14T00:22:44Z,129
U0052,DEV0038,USES,2024-07-21T15:22:44Z,2025-08-05T01:22:44Z,16
U0053,DEV0529,USES,2024-04-14T15:22:44Z,2025-08-06T18:22:44Z,178
U0053,DEV0308,USES,2025-07-12T15:22:44Z,2025-08-13T22:22:44Z,161
U0053,DEV0583,USES,2025-06-11T15:22:44Z,2025-07-29T10:22:44Z,134
U0054,DEV0543,USES,2025-02-11T15:22:44Z,2025-07-23T21:22:44Z,119
U0055,DEV0558,USES,2024-09-15T15:22:44Z,2025-07-23T14:22:44Z,62
U0055,DEV0421,USES,2025-01-28T15:22:44Z,2025-08-07T22:22:44Z,163
U0055,DEV0448,USES,2025-03-26T15:22:44Z,2025-07-26T18:22:44Z,98
U0056,DEV0245,USES,2025-07-13T15:22:44Z,2025-08-15T03:22:44Z,60
U0056,DEV0236,USES,2024-10-02T15:22:44Z,2025-07-24T09:22:44Z,188
U0057,DEV0222,USES,2025-07-26T15:22:44Z,2025-08-15T03:22:44Z,173
U0057,DEV0703,USES,2024-07-28T15:22:44Z,2025-07-21T05:22:44Z,134
U0057,DEV0214,USES,2024-08-24T15:22:44Z,2025-08-04T20:22:44Z,182
U0057,DEV0163,USES,2025-03-02T15:22:44Z,2025-08-10T03:22:44Z,92
U0058,DEV0668,USES,2025-07-03T15:22:44Z,2025-07-27T12:22:44Z,199
U0058,DEV0405,USES,2024-09-11T15:22:44Z,2025-08-02T21:22:44Z,151
U0059,DEV0372,USES,2024-09-19T15:22:44Z,2025-08-11T22:22:44Z,13
U0060,DEV0395,USES,2024-08-01T15:22:44Z,2025-08-17T16:22:44Z,69
U0060,DEV0682,USES,2024-08-11T15:22:44Z,2025-07-22T01:22:44Z,62
U0060,DEV0070,USES,2024-07-01T15:22:44Z,2025-07-26T17:22:44Z,170
U0061,DEV0335,USES,2024-06-23T15:22:44Z,2025-08-12T21:22:44Z,70
U0061,DEV0167,USES,2025-03-19T15:22:44Z,2025-08-03T17:22:44Z,44
U0062,DEV0445,USES,2024-07-18T15:22:44Z,2025-07-21T09:22:44Z,174
U0062,DEV0283,USES,2024-10-30T15:22:44Z,2025-08-07T06:22:44Z,60
U0063,DEV0411,USES,2024-12-05T15:22:44Z,2025-08-06T07:22:44Z,143
U0063,DEV0487,USES,2024-09-25T15:22:44Z,2025-08-17T23:22:44Z,100
U0063,DEV0144,USES,2025-04-25T15:22:44Z,2025-08-02T01:22:44Z,129
U0064,DEV0554,USES,2025-04-12T15:22:44Z,2025-08-18T01:22:44Z,188
U0064,DEV0093,USES,2025-02-10T15:22:44Z,2025-08-16T13:22:44Z,18
U0064,DEV0196,USES,2025-01-09T15:22:44Z,2025-08-09T22:22:44Z,23
U0065,DEV0737,USES,2024-12-12T15:22:44Z,2025-08-16T17:22:44Z,23
U0066,DEV0185,USES,2024-07-22T15:22:44Z,2025-07-21T22:22:44Z,41
U0066,DEV0386,USES,2024-06-11T15:22:44Z,2025-08-17T21:22:44Z,157
U0066,DEV0483,USES,2025-08-09T15:22:44Z,2025-08-01T13:22:44Z,83
U0066,DEV0017,USES,2024-06-07T15:22:44Z,2025-07-25T16:22:44Z,93
U0066,DEV0696,USES,2025-03-17T15:22:44Z,2025-07-20T19:22:44Z,136
U0067,DEV0092,USES,2025-06-12T15:22:44Z,2025-08-08T00:22:44Z,120
U0067,DEV0256,USES,2025-01-07T15:22:44Z,2025-07-28T06:22:44Z,182
U0068,DEV0434,USES,2025-07-20T15:22:44Z,2025-08-04T01:22:44Z,96
U0068,DEV0616,USES,2024-11-06T15:22:44Z,2025-08-02T22:22:44Z,32
U0069,DEV0740,USES,2024-06-28T15:22:44Z,2025-08-01T07:22:44Z,144
U0069,DEV0528,USES,2025-03-11T15:22:44Z,2025-08-01T00:22:44Z,172
U0069,DEV0281,USES,2025-03-01T15:22:44Z,2025-08-07T03:22:44Z,62
U0069,DEV0050,USES,2024-09-15T15:22:44Z,2025-07-30T16:22:44Z,79
U0070,DEV0631,USES,2025-01-22T15:22:44Z,2025-08-16T07:22:44Z,99
U0070,DEV0309,USES,2025-03-18T15:22:44Z,2025-07-28T09:22:44Z,137
U0071,DEV0735,USES,2024-12-03T15:22:44Z,2025-07-29T03:22:44Z,98
U0071,DEV0233,USES,2024-06-04T15:22:44Z,2025-07-21T13:22:44Z,137
U0071,DEV0499,USES,2025-02-19T15:22:44Z,2025-07-20T08:22:44Z,137
U0072,DEV0158,USES,2025-07-10T15:22:44Z,2025-08-05T05:22:44Z,189
U0072,DEV0307,USES,2024-05-14T15:22:44Z,2025-07-28T00:22:44Z,127
U0073,DEV0244,USES,2024-09-21T15:22:44Z,2025-07-19T03:22:44Z,158
U0073,DEV0674,USES,2025-07-26T15:22:44Z,2025-07-29T15:22:44Z,189
U0074,DEV0094,USES,2024-06-18T15:22:44Z,2025-08-06T11:22:44Z,32
U0074,DEV0312,USES,2025-02-04T15:22:44Z,2025-08-01T23:22:44Z,180
U0074,DEV0506,USES,2025-04-11T15:22:44Z,2025-08-13T20:22:44Z,29
U0075,DEV0694,USES,2024-06-27T15:22:44Z,2025-08-05T08:22:44Z,128
U0076,DEV0354,USES,2024-06-05T15:22:44Z,2025-07-31T04:22:44Z,161
U0076,DEV0702,USES,2025-06-03T15:22:44Z,2025-07-28T03:22:44Z,198
U0076,DEV0565,USES,2024-12-29T15:22:44Z,2025-07-31T22:22:44Z,128
U0077,DEV0461,USES,2025-02-07T15:22:44Z,2025-07-29T17:22:44Z,180
U0077,DEV0725,USES,2025-06-01T15:22:44Z,2025-08-13T03:22:44Z,167
U0078,DEV0240,USES,2025-08-02T15:22:44Z,2025-07-29T00:22:44Z,117
U0079,DEV0117,USES,2024-05-29T15:22:44Z,2025-08-05T21:22:44Z,56
U0079,DEV0375,USES,2024-08-10T15:22:44Z,2025-07-25T17:22:44Z,22
U0079,DEV0539,USES,2024-08-19T15:22:44Z,2025-08-01T06:22:44Z,190
U0079,DEV0480,USES,2024-07-09T15:22:44Z,2025-07-19T21:22:44Z,94
U0079,DEV0534,USES,2025-06-10T15:22:44Z,2025-07-23T07:22:44Z,62
U0080,DEV0352,USES,2025-04-30T15:22:44Z,2025-07-27T01:22:44Z,101
U0080,DEV0717,USES,2024-07-17T15:22:44Z,2025-07-25T08:22:44Z,198
U0080,DEV0344,USES,2024-06-07T15:22:44Z,2025-07-25T01:22:44Z,179
U0081,DEV0473,USES,2025-03-26T15:22:44Z,2025-08-15T22:22:44Z,50
U0082,DEV0728,USES,2024-07-24T15:22:44Z,2025-08-06T20:22:44Z,85
U0082,DEV0058,USES,2025-04-23T15:22:44Z,2025-07-20T21:22:44Z,75
U0082,DEV0651,USES,2025-01-02T15:22:44Z,2025-07-24T23:22:44Z,76
U0083,DEV0698,USES,2024-11-06T15:22:44Z,2025-07-28T09:22:44Z,102
U0083,DEV0623,USES,2024-05-02T15:22:44Z,2025-08-08T04:22:44Z,161
U0083,DEV0435,USES,2024-09-22T15:22:44Z,2025-08-12T22:22:44Z,72
U0083,DEV0013,USES,2024-11-17T15:22:44Z,2025-08-02T20:22:44Z,92
U0083,DEV0019,USES,2025-02-10T15:22:44Z,2025-08-03T02:22:44Z,58
U0084,DEV0664,USES,2024-06-20T15:22:44Z,2025-07-31T21:22:44Z,17
U0084,DEV0417,USES,2025-05-23T15:22:44Z,2025-07-27T10:22:44Z,20
U0084,DEV0349,USES,2024-07-12T15:22:44Z,2025-08-10T00:22:44Z,166
U0085,DEV0398,USES,2024-10-17T15:22:44Z,2025-07-24T16:22:44Z,119
U0085,DEV0498,USES,2024-08-07T15:22:44Z,2025-08-05T20:22:44Z,78
U0085,DEV0457,USES,2025-05-12T15:22:44Z,2025-07-19T11:22:44Z,47
U0085,DEV0697,USES,2025-01-19T15:22:44Z,2025-07-20T05:22:44Z,112
U0085,DEV0669,USES,2024-12-29T15:22:44Z,2025-07-31T03:22:44Z,23
U0086,DEV0351,USES,2024-06-20T15:22:44Z,2025-08-13T03:22:44Z,31
U0086,DEV0111,USES,2024-07-15T15:22:44Z,2025-07-20T00:22:44Z,145
U0086,DEV0292,USES,2024-06-08T15:22:44Z,2025-07-25T03:22:44Z,139
U0087,DEV0466,USES,2024-11-18T15:22:44Z,2025-08-01T01:22:44Z,39
U0087,DEV0661,USES,2024-09-04T15:22:44Z,2025-07-26T22:22:44Z,50
U0087,DEV0647,USES,2024-06-21T15:22:44Z,2025-08-03T19:22:44Z,196
U0087,DEV0385,USES,2025-05-31T15:22:44Z,2025-07-31T02:22:44Z,139
U0088,DEV0667,USES,2024-09-04T15:22:44Z,2025-07-24T06:22:44Z,157
U0088,DEV0425,USES,2025-06-27T15:22:44Z,2025-08-17T22:22:44Z,100
U0088,DEV0016,USES,2024-09-14T15:22:44Z,2025-07-20T22:22:44Z,116
U0088,DEV0603,USES,2025-04-24T15:22:44Z,2025-08-12T17:22:44Z,193
U0089,DEV0691,USES,2024-08-04T15:22:44Z,2025-08-18T11:22:44Z,17
U0089,DEV0265,USES,2024-10-04T15:22:44Z,2025-08-18T10:22:44Z,31
U0089,DEV0463,USES,2025-01-06T15:22:44Z,2025-08-13T17:22:44Z,117
U0090,DEV0359,USES,2024-11-22T15:22:44Z,2025-07-23T15:22:44Z,36
U0090,DEV0549,USES,2024-05-26T15:22:44Z,2025-07-27T08:22:44Z,103
U0091,DEV0173,USES,2024-10-19T15:22:44Z,2025-07-29T06:22:44Z,55
U0091,DEV0363,USES,2024-07-13T15:22:44Z,2025-08-16T18:22:44Z,60
U0091,DEV0684,USES,2025-01-13T15:22:44Z,2025-08-10T19:22:44Z,116
U0092,DEV0153,USES,2024-10-18T15:22:44Z,2025-08-11T05:22:44Z,147
U0092,DEV0177,USES,2025-02-27T15:22:44Z,2025-07-25T04:22:44Z,117
U0092,DEV0699,USES,2024-09-05T15:22:44Z,2025-08-17T17:22:44Z,101
U0093,DEV0221,USES,2024-08-21T15:22:44Z,2025-08-09T07:22:44Z,143
U0093,DEV0642,USES,2025-04-01T15:22:44Z,2025-08-17T19:22:44Z,134
U0094,DEV0047,USES,2025-07-20T15:22:44Z,2025-07-28T00:22:44Z,139
U0094,DEV0566,USES,2025-01-05T15:22:44Z,2025-07-31T07:22:44Z,17
U0095,DEV0062,USES,2024-07-13T15:22:44Z,2025-08-16T09:22:44Z,137
U0095,DEV0102,USES,2025-07-02T15:22:44Z,2025-07-26T08:22:44Z,141
U0095,DEV0447,USES,2025-03-03T15:22:44Z,2025-08-11T23:22:44Z,173
U0096,DEV0641,USES,2024-12-09T15:22:44Z,2025-08-04T19:22:44Z,115
U0096,DEV0521,USES,2024-11-29T15:22:44Z,2025-08-07T20:22:44Z,66
U0096,DEV0471,USES,2025-07-23T15:22:44Z,2025-08-12T03:22:44Z,145
U0096,DEV0485,USES,2024-07-17T15:22:44Z,2025-08-10T04:22:44Z,120
U0096,DEV0550,USES,2025-01-09T15:22:44Z,2025-08-06T15:22:44Z,190
U0097,DEV0227,USES,2025-06-21T15:22:44Z,2025-08-17T01:22:44Z,96
U0097,DEV0138,USES,2025-05-03T15:22:44Z,2025-08-10T04:22:44Z,154
U0098,DEV0504,USES,2024-05-22T15:22:44Z,2025-08-07T02:22:44Z,111
U0099,DEV0326,USES,2024-07-03T15:22:44Z,2025-07-27T16:22:44Z,105
U0099,DEV0225,USES,2024-12-21T15:22:44Z,2025-07-24T20:22:44Z,152
U0099,DEV0075,USES,2025-08-17T15:22:44Z,2025-08-11T02:22:44Z,79
U0100,DEV0370,USES,2024-12-03T15:22:44Z,2025-08-10T02:22:44Z,87
U0100,DEV0366,USES,2024-12-10T15:22:44Z,2025-07-31T13:22:44Z,33
U0100,DEV0108,USES,2025-01-10T15:22:44Z,2025-08-05T04:22:44Z,94
U0101,DEV0649,USES,2025-06-08T15:22:44Z,2025-08-18T05:22:44Z,182
U0101,DEV0621,USES,2024-06-25T15:22:44Z,2025-08-09T01:22:44Z,125
U0101,DEV0613,USES,2024-05-08T15:22:44Z,2025-08-11T16:22:44Z,142
U0101,DEV0211,USES,2024-09-13T15:22:44Z,2025-07-31T23:22:44Z,197
U0102,DEV0509,USES,2024-08-03T15:22:44Z,2025-08-09T18:22:44Z,173
U0103,DEV0270,USES,2024-11-09T15:22:44Z,2025-08-10T23:22:44Z,75
U0103,DEV0482,USES,2025-01-01T15:22:44Z,2025-07-29T07:22:44Z,104
U0103,DEV0229,USES,2025-06-03T15:22:44Z,2025-07-23T15:22:44Z,147
U0104,DEV0686,USES,2025-03-30T15:22:44Z,2025-08-14T02:22:44Z,42
U0104,DEV0402,USES,2025-04-01T15:22:44Z,2025-07-31T10:22:44Z,86
U0104,DEV0692,USES,2025-04-21T15:22:44Z,2025-07-31T16:22:44Z,35
U0105,DEV0474,USES,2024-12-31T15:22:44Z,2025-08-10T20:22:44Z,64
U0105,DEV0436,USES,2024-12-25T15:22:44Z,2025-08-18T04:22:44Z,25
U0105,DEV0477,USES,2025-01-28T15:22:44Z,2025-08-03T11:22:44Z,133
U0106,DEV0578,USES,2025-07-03T15:22:44Z,2025-08-12T09:22:44Z,21
U0106,DEV0525,USES,2024-10-13T15:22:44Z,2025-07-19T01:22:44Z,162
U0107,DEV0399,USES,2025-05-30T15:22:44Z,2025-08-01T03:22:44Z,137
U0107,DEV0414,USES,2024-10-28T15:22:44Z,2025-07-19T14:22:44Z,53
U0107,DEV0300,USES,2025-02-16T15:22:44Z,2025-08-06T06:22:44Z,78
U0107,DEV0575,USES,2025-04-13T15:22:44Z,2025-08-05T06:22:44Z,161
U0107,DEV0032,USES,2024-12-01T15:22:44Z,2025-07-26T23:22:44Z,41
U0108,DEV0088,USES,2025-04-05T15:22:44Z,2025-07-27T01:22:44Z,167
U0109,DEV0241,USES,2024-08-24T15:22:44Z,2025-08-08T16:22:44Z,119
U0110,DEV0481,USES,2025-03-25T15:22:44Z,2025-08-10T22:22:44Z,76
U0110,DEV0006,USES,2024-11-04T15:22:44Z,2025-08-01T09:22:44Z,17
U0111,DEV0532,USES,2025-05-01T15:22:44Z,2025-07-26T20:22:44Z,151
U0111,DEV0556,USES,2024-11-18T15:22:44Z,2025-08-13T01:22:44Z,196
U0112,DEV0069,USES,2024-12-25T15:22:44Z,2025-07-26T20:22:44Z,185
U0112,DEV0379,USES,2025-06-30T15:22:44Z,2025-07-30T05:22:44Z,71
U0112,DEV0581,USES,2024-10-17T15:22:44Z,2025-07-30T04:22:44Z,38
U0113,DEV0247,USES,2025-06-16T15:22:44Z,2025-08-01T05:22:44Z,6
U0113,DEV0238,USES,2025-05-30T15:22:44Z,2025-08-08T05:22:44Z,106
U0113,DEV0401,USES,2024-12-13T15:22:44Z,2025-07-30T15:22:44Z,49
U0114,DEV0450,USES,2024-05-06T15:22:44Z,2025-08-11T21:22:44Z,180
U0114,DEV0429,USES,2024-05-02T15:22:44Z,2025-07-20T04:22:44Z,21
U0114,DEV0020,USES,2024-08-24T15:22:44Z,2025-08-10T15:22:44Z,91
U0115,DEV0743,USES,2024-06-27T15:22:44Z,2025-08-02T15:22:44Z,128
U0115,DEV0076,USES,2025-03-25T15:22:44Z,2025-08-14T09:22:44Z,92
U0115,DEV0350,USES,2024-07-12T15:22:44Z,2025-07-25T23:22:44Z,84
U0116,DEV0253,USES,2024-06-24T15:22:44Z,2025-07-25T06:22:44Z,168
U0116,DEV0024,USES,2025-03-05T15:22:44Z,2025-08-08T09:22:44Z,54
U0116,DEV0479,USES,2025-08-04T15:22:44Z,2025-08-01T05:22:44Z,117
U0117,DEV0733,USES,2025-01-19T15:22:44Z,2025-08-01T01:22:44Z,17
U0117,DEV0275,USES,2024-12-28T15:22:44Z,2025-08-02T18:22:44Z,17
U0118,DEV0619,USES,2024-04-27T15:22:44Z,2025-08-15T17:22:44Z,124
U0118,DEV0626,USES,2025-06-24T15:22:44Z,2025-08-08T18:22:44Z,169
U0118,DEV0380,USES,2024-11-07T15:22:44Z,2025-08-04T00:22:44Z,64
U0118,DEV0476,USES,2024-04-29T15:22:44Z,2025-08-13T20:22:44Z,71
U0118,DEV0110,USES,2024-09-03T15:22:44Z,2025-08-06T10:22:44Z,184
U0119,DEV0551,USES,2024-11-26T15:22:44Z,2025-07-24T06:22:44Z,141
U0119,DEV0060,USES,2024-09-10T15:22:44Z,2025-07-31T02:22:44Z,66
U0120,DEV0407,USES,2025-05-06T15:22:44Z,2025-07-30T01:22:44Z,88
U0120,DEV0098,USES,2024-05-20T15:22:44Z,2025-07-23T01:22:44Z,50
U0120,DEV0507,USES,2025-02-17T15:22:44Z,2025-08-06T13:22:44Z,158
U0121,DEV0567,USES,2025-05-06T15:22:44Z,2025-08-01T06:22:44Z,104
U0121,DEV0129,USES,2025-07-27T15:22:44Z,2025-08-04T09:22:44Z,57
U0121,DEV0373,USES,2024-12-30T15:22:44Z,2025-08-08T06:22:44Z,150
U0122,DEV0318,USES,2024-10-05T15:22:44Z,2025-08-01T09:22:44Z,174
U0122,DEV0360,USES,2025-01-01T15:22:44Z,2025-08-14T09:22:44Z,147
U0123,DEV0122,USES,2024-09-24T15:22:44Z,2025-07-29T02:22:44Z,121
U0124,DEV0497,USES,2024-08-08T15:22:44Z,2025-07-31T00:22:44Z,181
U0124,DEV0413,USES,2025-08-09T15:22:44Z,2025-07-25T16:22:44Z,139
U0124,DEV0604,USES,2024-12-16T15:22:44Z,2025-07-25T07:22:44Z,124
U0124,DEV0305,USES,2025-04-22T15:22:44Z,2025-08-01T20:22:44Z,27
U0124,DEV0097,USES,2025-06-26T15:22:44Z,2025-07-28T16:22:44Z,174
U0125,DEV0143,USES,2025-02-28T15:22:44Z,2025-07-26T20:22:44Z,196
U0125,DEV0035,USES,2025-07-17T15:22:44Z,2025-07-23T21:22:44Z,71
U0126,DEV0121,USES,2025-03-29T15:22:44Z,2025-08-10T07:22:44Z,70
U0126,DEV0546,USES,2025-01-20T15:22:44Z,2025-08-14T20:22:44Z,49
U0127,DEV0673,USES,2024-08-02T15:22:44Z,2025-07-25T19:22:44Z,47
U0127,DEV0327,USES,2025-06-07T15:22:44Z,2025-07-26T04:22:44Z,18
U0127,DEV0199,USES,2025-01-07T15:22:44Z,2025-07-25T12:22:44Z,18
U0127,DEV0587,USES,2024-12-03T15:22:44Z,2025-08-06T00:22:44Z,82
U0127,DEV0382,USES,2024-05-28T15:22:44Z,2025-07-18T22:22:44Z,64
U0128,DEV0085,USES,2024-10-18T15:22:44Z,2025-08-04T20:22:44Z,171
U0128,DEV0484,USES,2024-11-11T15:22:44Z,2025-08-08T07:22:44Z,73
U0128,DEV0574,USES,2024-04-21T15:22:44Z,2025-08-09T19:22:44Z,154
U0128,DEV0302,USES,2024-09-03T15:22:44Z,2025-07-24T18:22:44Z,196
U0128,DEV0747,USES,2025-01-23T15:22:44Z,2025-07-27T21:22:44Z,54
U0129,DEV0210,USES,2025-04-27T15:22:44Z,2025-08-17T20:22:44Z,28
U0129,DEV0170,USES,2025-08-04T15:22:44Z,2025-07-29T18:22:44Z,60
U0129,DEV0033,USES,2024-06-04T15:22:44Z,2025-07-29T12:22:44Z,186
U0130,DEV0383,USES,2025-07-23T15:22:44Z,2025-07-20T18:22:44Z,87
U0130,DEV0624,USES,2025-05-01T15:22:44Z,2025-07-25T13:22:44Z,75
U0131,DEV0397,USES,2025-02-10T15:22:44Z,2025-07-27T07:22:44Z,31
U0132,DEV0700,USES,2025-07-25T15:22:44Z,2025-08-05T03:22:44Z,191
U0132,DEV0451,USES,2025-06-13T15:22:44Z,2025-07-24T13:22:44Z,143
U0132,DEV0433,USES,2025-03-13T15:22:44Z,2025-08-05T17:22:44Z,128
U0133,DEV0259,USES,2025-03-03T15:22:44Z,2025-08-12T22:22:44Z,15
U0133,DEV0596,USES,2024-04-29T15:22:44Z,2025-07-28T09:22:44Z,81
U0133,DEV0179,USES,2024-07-31T15:22:44Z,2025-07-21T12:22:44Z,166
U0134,DEV0663,USES,2024-05-06T15:22:44Z,2025-08-06T12:22:44Z,59
U0134,DEV0041,USES,2024-07-24T15:22:44Z,2025-07-27T23:22:44Z,122
U0135,DEV0048,USES,2025-07-06T15:22:44Z,2025-07-23T12:22:44Z,121
U0135,DEV0278,USES,2025-04-04T15:22:44Z,2025-07-22T21:22:44Z,21
U0136,DEV0045,USES,2024-10-16T15:22:44Z,2025-08-13T05:22:44Z,21
U0136,DEV0561,USES,2025-05-03T15:22:44Z,2025-08-14T02:22:44Z,48
U0137,DEV0646,USES,2024-09-07T15:22:44Z,2025-07-25T00:22:44Z,182
U0137,DEV0738,USES,2025-08-12T15:22:44Z,2025-08-13T19:22:44Z,74
U0138,DEV0586,USES,2024-11-08T15:22:44Z,2025-08-11T01:22:44Z,165
U0138,DEV0329,USES,2024-11-17T15:22:44Z,2025-08-10T14:22:44Z,54
U0138,DEV0712,USES,2025-05-14T15:22:44Z,2025-08-13T18:22:44Z,126
U0138,DEV0517,USES,2024-08-30T15:22:44Z,2025-08-12T18:22:44Z,16
U0138,DEV0491,USES,2024-10-08T15:22:44Z,2025-08-07T06:22:44Z,58
U0139,DEV0570,USES,2024-07-25T15:22:44Z,2025-08-05T09:22:44Z,196
U0139,DEV0557,USES,2024-10-19T15:22:44Z,2025-08-08T08:22:44Z,33
U0139,DEV0294,USES,2025-07-31T15:22:44Z,2025-08-15T08:22:44Z,193
U0140,DEV0606,USES,2024-10-29T15:22:44Z,2025-08-12T05:22:44Z,37
U0140,DEV0328,USES,2025-07-03T15:22:44Z,2025-07-31T14:22:44Z,76
U0140,DEV0251,USES,2025-04-12T15:22:44Z,2025-07-22T01:22:44Z,122
U0141,DEV0014,USES,2024-11-09T15:22:44Z,2025-08-04T16:22:44Z,68
U0141,DEV0704,USES,2024-06-10T15:22:44Z,2025-08-04T21:22:44Z,61
U0142,DEV0490,USES,2025-06-06T15:22:44Z,2025-08-11T13:22:44Z,147
U0143,DEV0361,USES,2025-06-24T15:22:44Z,2025-08-02T14:22:44Z,80
U0143,DEV0670,USES,2024-12-28T15:22:44Z,2025-08-09T17:22:44Z,161
U0143,DEV0310,USES,2025-04-12T15:22:44Z,2025-07-24T09:22:44Z,180
U0144,DEV0533,USES,2024-05-06T15:22:44Z,2025-07-29T00:22:44Z,193
U0144,DEV0113,USES,2024-04-06T15:22:44Z,2025-07-30T17:22:44Z,58
U0145,DEV0693,USES,2025-06-08T15:22:44Z,2025-07-31T18:22:44Z,141
U0146,DEV0260,USES,2024-09-13T15:22:44Z,2025-08-14T17:22:44Z,42
U0147,DEV0319,USES,2024-05-13T15:22:44Z,2025-08-07T19:22:44Z,170
U0147,DEV0396,USES,2025-01-16T15:22:44Z,2025-08-02T21:22:44Z,175
U0147,DEV0579,USES,2024-04-11T15:22:44Z,2025-07-22T22:22:44Z,118
U0148,DEV0213,USES,2024-08-02T15:22:44Z,2025-08-17T05:22:44Z,152
U0148,DEV0119,USES,2024-06-24T15:22:44Z,2025-08-10T04:22:44Z,52
U0149,DEV0514,USES,2025-03-07T15:22:44Z,2025-07-27T06:22:44Z,126
U0149,DEV0320,USES,2024-07-11T15:22:44Z,2025-07-18T21:22:44Z,175
U0149,DEV0644,USES,2025-04-09T15:22:44Z,2025-07-30T16:22:44Z,118
U0150,DEV0643,USES,2025-05-27T15:22:44Z,2025-08-11T21:22:44Z,139
U0151,DEV0720,USES,2024-12-23T15:22:44Z,2025-08-07T03:22:44Z,100
U0151,DEV0424,USES,2025-02-20T15:22:44Z,2025-08-07T04:22:44Z,83
U0152,DEV0597,USES,2025-01-29T15:22:44Z,2025-07-30T13:22:44Z,41
U0153,DEV0152,USES,2025-06-11T15:22:44Z,2025-07-18T19:22:44Z,167
U0153,DEV0252,USES,2024-04-13T15:22:44Z,2025-07-28T18:22:44Z,78
U0153,DEV0285,USES,2025-02-02T15:22:44Z,2025-08-02T17:22:44Z,170
U0154,DEV0250,USES,2025-07-29T15:22:44Z,2025-08-12T21:22:44Z,19
U0155,DEV0164,USES,2025-07-18T15:22:44Z,2025-08-01T05:22:44Z,85
U0156,DEV0545,USES,2025-01-27T15:22:44Z,2025-07-31T17:22:44Z,198
U0156,DEV0553,USES,2024-04-20T15:22:44Z,2025-08-05T01:22:44Z,24
U0156,DEV0734,USES,2024-08-21T15:22:44Z,2025-08-14T15:22:44Z,127
U0157,DEV0140,USES,2025-01-04T15:22:44Z,2025-08-14T09:22:44Z,38
U0157,DEV0714,USES,2025-05-02T15:22:44Z,2025-08-04T17:22:44Z,200
U0157,DEV0209,USES,2025-01-01T15:22:44Z,2025-08-16T15:22:44Z,128
U0157,DEV0299,USES,2025-07-26T15:22:44Z,2025-08-17T09:22:44Z,32
U0158,DEV0277,USES,2025-03-30T15:22:44Z,2025-08-12T23:22:44Z,191
U0158,DEV0609,USES,2024-12-05T15:22:44Z,2025-08-01T21:22:44Z,22
U0158,DEV0348,USES,2024-09-24T15:22:44Z,2025-07-31T15:22:44Z,140
U0158,DEV0355,USES,2024-07-06T15:22:44Z,2025-08-12T06:22:44Z,48
U0159,DEV0321,USES,2025-02-13T15:22:44Z,2025-08-14T23:22:44Z,39
U0159,DEV0128,USES,2024-05-15T15:22:44Z,2025-08-06T17:22:44Z,78
U0159,DEV0501,USES,2024-12-16T15:22:44Z,2025-08-17T13:22:44Z,88
U0160,DEV0516,USES,2024-10-14T15:22:44Z,2025-07-18T18:22:44Z,99
U0161,DEV0169,USES,2025-04-28T15:22:44Z,2025-08-08T09:22:44Z,157
U0161,DEV0067,USES,2025-04-13T15:22:44Z,2025-08-06T12:22:44Z,64
U0161,DEV0387,USES,2025-06-21T15:22:44Z,2025-07-26T00:22:44Z,76
U0161,DEV0191,USES,2024-08-27T15:22:44Z,2025-07-24T21:22:44Z,156
U0162,DEV0317,USES,2024-10-12T15:22:44Z,2025-07-30T12:22:44Z,199
U0162,DEV0676,USES,2025-08-02T15:22:44Z,2025-07-24T23:22:44Z,131
U0163,DEV0322,USES,2024-05-10T15:22:44Z,2025-08-05T11:22:44Z,84
U0163,DEV0168,USES,2024-08-01T15:22:44Z,2025-08-03T12:22:44Z,150
U0163,DEV0540,USES,2024-12-01T15:22:44Z,2025-07-27T22:22:44Z,180
U0164,DEV0255,USES,2024-05-06T15:22:44Z,2025-08-11T08:22:44Z,170
U0165,DEV0418,USES,2024-05-05T15:22:44Z,2025-08-15T00:22:44Z,30
U0165,DEV0632,USES,2024-09-19T15:22:44Z,2025-08-12T05:22:44Z,132
U0165,DEV0428,USES,2024-07-28T15:22:44Z,2025-07-24T18:22:44Z,91
U0165,DEV0343,USES,2025-04-29T15:22:44Z,2025-08-09T04:22:44Z,116
U0165,DEV0633,USES,2025-03-25T15:22:44Z,2025-07-29T13:22:44Z,142
U0166,DEV0336,USES,2025-06-20T15:22:44Z,2025-08-06T07:22:44Z,164
U0166,DEV0198,USES,2024-10-07T15:22:44Z,2025-07-27T22:22:44Z,51
U0166,DEV0467,USES,2024-05-13T15:22:44Z,2025-07-28T17:22:44Z,137
U0167,DEV0066,USES,2025-01-24T15:22:44Z,2025-08-10T06:22:44Z,170
U0167,DEV0716,USES,2025-01-27T15:22:44Z,2025-07-27T20:22:44Z,65
U0167,DEV0204,USES,2024-12-12T15:22:44Z,2025-08-15T11:22:44Z,54
U0167,DEV0469,USES,2024-11-21T15:22:44Z,2025-07-24T06:22:44Z,123
U0168,DEV0415,USES,2024-08-20T15:22:44Z,2025-08-14T21:22:44Z,193
U0168,DEV0095,USES,2024-07-01T15:22:44Z,2025-08-14T23:22:44Z,175
U0168,DEV0455,USES,2025-08-09T15:22:44Z,2025-07-18T23:22:44Z,69
U0168,DEV0145,USES,2025-07-26T15:22:44Z,2025-08-16T08:22:44Z,158
U0168,DEV0249,USES,2024-12-09T15:22:44Z,2025-07-24T05:22:44Z,89
U0169,DEV0706,USES,2025-01-19T15:22:44Z,2025-08-16T16:22:44Z,174
U0170,DEV0096,USES,2024-06-26T15:22:44Z,2025-08-09T09:22:44Z,46
U0170,DEV0258,USES,2025-03-07T15:22:44Z,2025-07-29T05:22:44Z,169
U0171,DEV0742,USES,2025-04-17T15:22:44Z,2025-08-18T03:22:44Z,56
U0171,DEV0531,USES,2025-06-19T15:22:44Z,2025-08-07T21:22:44Z,26
U0171,DEV0147,USES,2024-08-16T15:22:44Z,2025-08-10T23:22:44Z,187
U0172,DEV0438,USES,2024-10-13T15:22:44Z,2025-08-13T03:22:44Z,101
U0173,DEV0441,USES,2024-09-22T15:22:44Z,2025-08-12T21:22:44Z,35
U0174,DEV0713,USES,2025-05-04T15:22:44Z,2025-08-05T10:22:44Z,109
U0174,DEV0232,USES,2025-02-05T15:22:44Z,2025-08-18T06:22:44Z,72
U0174,DEV0323,USES,2025-05-21T15:22:44Z,2025-08-04T08:22:44Z,99
U0174,DEV0197,USES,2025-01-08T15:22:44Z,2025-07-29T01:22:44Z,26
U0175,DEV0468,USES,2024-12-25T15:22:44Z,2025-07-28T04:22:44Z,38
U0175,DEV0353,USES,2024-07-11T15:22:44Z,2025-08-01T14:22:44Z,153
U0175,DEV0494,USES,2024-05-28T15:22:44Z,2025-08-12T23:22:44Z,131
U0176,DEV0627,USES,2025-07-24T15:22:44Z,2025-08-07T16:22:44Z,130
U0176,DEV0371,USES,2024-07-08T15:22:44Z,2025-08-13T22:22:44Z,173
U0176,DEV0544,USES,2024-10-09T15:22:44Z,2025-08-04T14:22:44Z,53
U0176,DEV0178,USES,2025-04-11T15:22:44Z,2025-08-11T10:22:44Z,14
U0177,DEV0654,USES,2024-09-11T15:22:44Z,2025-08-11T00:22:44Z,178
U0177,DEV0701,USES,2025-03-08T15:22:44Z,2025-08-08T15:22:44Z,77
U0177,DEV0192,USES,2024-07-07T15:22:44Z,2025-07-28T12:22:44Z,105
U0177,DEV0524,USES,2025-02-14T15:22:44Z,2025-07-20T12:22:44Z,87
U0177,DEV0080,USES,2024-10-23T15:22:44Z,2025-08-16T01:22:44Z,186
U0178,DEV0056,USES,2025-08-08T15:22:44Z,2025-07-31T20:22:44Z,102
U0178,DEV0074,USES,2024-05-13T15:22:44Z,2025-08-10T10:22:44Z,66
U0179,DEV0109,USES,2025-02-13T15:22:44Z,2025-07-23T04:22:44Z,136
U0180,DEV0665,USES,2024-11-17T15:22:44Z,2025-08-04T02:22:44Z,25
U0180,DEV0662,USES,2025-01-02T15:22:44Z,2025-08-03T06:22:44Z,43
U0180,DEV0091,USES,2024-11-16T15:22:44Z,2025-07-28T06:22:44Z,68
U0180,DEV0357,USES,2024-10-21T15:22:44Z,2025-08-08T21:22:44Z,17
U0181,DEV0393,USES,2024-11-02T15:22:44Z,2025-07-30T07:22:44Z,92
U0181,DEV0590,USES,2024-07-08T15:22:44Z,2025-07-22T10:22:44Z,59
U0181,DEV0588,USES,2024-06-22T15:22:44Z,2025-07-25T20:22:44Z,71
U0182,DEV0520,USES,2024-09-09T15:22:44Z,2025-08-14T11:22:44Z,8
U0182,DEV0377,USES,2024-04-17T15:22:44Z,2025-07-23T15:22:44Z,183
U0182,DEV0101,USES,2024-12-03T15:22:44Z,2025-07-22T15:22:44Z,58
U0183,DEV0634,USES,2024-09-19T15:22:44Z,2025-07-22T01:22:44Z,154
U0183,DEV0615,USES,2024-12-14T15:22:44Z,2025-08-08T21:22:44Z,105
U0183,DEV0026,USES,2025-07-16T15:22:44Z,2025-08-18T12:22:44Z,166
U0184,DEV0730,USES,2025-06-08T15:22:44Z,2025-07-20T19:22:44Z,111
U0184,DEV0072,USES,2024-05-01T15:22:44Z,2025-08-15T00:22:44Z,164
U0184,DEV0333,USES,2024-10-05T15:22:44Z,2025-08-07T01:22:44Z,183
U0185,DEV0493,USES,2025-07-15T15:22:44Z,2025-07-26T16:22:44Z,27
U0185,DEV0622,USES,2025-07-28T15:22:44Z,2025-08-14T10:22:44Z,56
U0185,DEV0189,USES,2025-01-27T15:22:44Z,2025-08-03T12:22:44Z,111
U0185,DEV0261,USES,2024-12-29T15:22:44Z,2025-08-03T06:22:44Z,65
U0185,DEV0365,USES,2024-06-11T15:22:44Z,2025-08-17T15:22:44Z,96
U0186,DEV0181,USES,2025-07-29T15:22:44Z,2025-07-27T14:22:44Z,117
U0186,DEV0690,USES,2025-01-02T15:22:44Z,2025-07-19T12:22:44Z,32
U0186,DEV0132,USES,2024-09-13T15:22:44Z,2025-07-30T12:22:44Z,148
U0187,DEV0577,USES,2024-12-06T15:22:44Z,2025-08-11T00:22:44Z,92
U0187,DEV0008,USES,2024-06-30T15:22:44Z,2025-08-13T13:22:44Z,73
U0188,DEV0610,USES,2024-08-11T15:22:44Z,2025-07-19T13:22:44Z,26
U0188,DEV0180,USES,2025-04-26T15:22:44Z,2025-08-06T10:22:44Z,116
U0188,DEV0012,USES,2024-10-13T15:22:44Z,2025-07-25T14:22:44Z,174
U0188,DEV0715,USES,2024-05-07T15:22:44Z,2025-08-13T21:22:44Z,19
U0189,DEV0272,USES,2024-09-21T15:22:44Z,2025-07-27T04:22:44Z,171
U0189,DEV0614,USES,2025-02-18T15:22:44Z,2025-08-12T06:22:44Z,26
U0190,DEV0710,USES,2024-08-13T15:22:44Z,2025-07-23T04:22:44Z,71
U0190,DEV0141,USES,2024-12-19T15:22:44Z,2025-08-07T12:22:44Z,17
U0190,DEV0073,USES,2024-12-13T15:22:44Z,2025-07-19T12:22:44Z,119
U0191,DEV0744,USES,2025-07-09T15:22:44Z,2025-07-31T09:22:44Z,97
U0192,DEV0599,USES,2024-11-03T15:22:44Z,2025-07-27T00:22:44Z,192
U0192,DEV0620,USES,2025-06-17T15:22:44Z,2025-07-23T10:22:44Z,41
U0193,DEV0051,USES,2025-04-05T15:22:44Z,2025-08-07T06:22:44Z,100
U0193,DEV0201,USES,2024-05-24T15:22:44Z,2025-08-03T15:22:44Z,41
U0193,DEV0157,USES,2024-10-02T15:22:44Z,2025-07-31T02:22:44Z,17
U0194,DEV0555,USES,2025-06-15T15:22:44Z,2025-08-01T19:22:44Z,122
U0194,DEV0685,USES,2025-04-14T15:22:44Z,2025-07-28T01:22:44Z,43
U0194,DEV0175,USES,2025-05-17T15:22:44Z,2025-08-08T13:22:44Z,164
U0194,DEV0183,USES,2025-04-18T15:22:44Z,2025-08-05T03:22:44Z,64
U0195,DEV0268,USES,2025-06-17T15:22:44Z,2025-07-27T22:22:44Z,51
U0195,DEV0695,USES,2024-10-16T15:22:44Z,2025-08-10T09:22:44Z,67
U0195,DEV0749,USES,2025-07-07T15:22:44Z,2025-07-22T21:22:44Z,118
U0195,DEV0028,USES,2024-05-23T15:22:44Z,2025-07-31T20:22:44Z,87
U0195,DEV0161,USES,2025-02-03T15:22:44Z,2025-08-17T00:22:44Z,10
U0196,DEV0274,USES,2024-06-17T15:22:44Z,2025-07-23T12:22:44Z,18
U0196,DEV0707,USES,2025-06-11T15:22:44Z,2025-07-24T20:22:44Z,155
U0197,DEV0500,USES,2025-05-21T15:22:44Z,2025-08-08T21:22:44Z,109
U0197,DEV0592,USES,2024-12-05T15:22:44Z,2025-07-21T19:22:44Z,133
U0197,DEV0087,USES,2025-05-06T15:22:44Z,2025-07-19T11:22:44Z,100
U0198,DEV0288,USES,2024-11-22T15:22:44Z,2025-08-15T11:22:44Z,190
U0198,DEV0535,USES,2024-05-15T15:22:44Z,2025-08-10T02:22:44Z,58
U0199,DEV0536,USES,2024-06-30T15:22:44Z,2025-08-13T19:22:44Z,5
U0200,DEV0538,USES,2024-11-14T15:22:44Z,2025-08-04T04:22:44Z,54
U0200,DEV0005,USES,2025-04-29T15:22:44Z,2025-08-10T16:22:44Z,10
U0200,DEV0084,USES,2024-04-23T15:22:44Z,2025-07-27T17:22:44Z,96
U0201,DEV0639,USES,2024-11-01T15:22:44Z,2025-08-06T12:22:44Z,76
U0201,DEV0503,USES,2025-03-21T15:22:44Z,2025-08-03T10:22:44Z,146
U0202,DEV0666,USES,2024-06-07T15:22:44Z,2025-08-10T12:22:44Z,179
U0202,DEV0301,USES,2025-04-15T15:22:44Z,2025-08-03T04:22:44Z,137
U0203,DEV0142,USES,2025-07-06T15:22:44Z,2025-08-15T19:22:44Z,165
U0203,DEV0127,USES,2025-01-07T15:22:44Z,2025-08-03T02:22:44Z,11
U0203,DEV0243,USES,2025-01-13T15:22:44Z,2025-07-29T05:22:44Z,69
U0203,DEV0228,USES,2025-07-12T15:22:44Z,2025-08-03T08:22:44Z,92
U0204,DEV0231,USES,2024-10-12T15:22:44Z,2025-07-29T02:22:44Z,21
U0204,DEV0496,USES,2024-07-11T15:22:44Z,2025-08-16T22:22:44Z,18
U0205,DEV0420,USES,2024-10-21T15:22:44Z,2025-08-07T21:22:44Z,54
U0206,DEV0036,USES,2024-12-22T15:22:44Z,2025-08-17T11:22:44Z,84
U0207,DEV0340,USES,2024-10-22T15:22:44Z,2025-07-29T09:22:44Z,22
U0207,DEV0280,USES,2025-01-02T15:22:44Z,2025-07-28T00:22:44Z,182
U0207,DEV0155,USES,2025-01-02T15:22:44Z,2025-08-03T20:22:44Z,182
U0207,DEV0156,USES,2025-04-08T15:22:44Z,2025-07-30T21:22:44Z,90
U0208,DEV0331,USES,2025-02-04T15:22:44Z,2025-07-23T15:22:44Z,97
U0208,DEV0139,USES,2024-09-17T15:22:44Z,2025-08-07T15:22:44Z,147
U0209,DEV0194,USES,2024-12-02T15:22:44Z,2025-08-13T07:22:44Z,30
U0209,DEV0135,USES,2025-05-12T15:22:44Z,2025-07-28T11:22:44Z,102
U0209,DEV0160,USES,2025-07-08T15:22:44Z,2025-07-21T12:22:44Z,91
U0209,DEV0021,USES,2024-09-27T15:22:44Z,2025-08-09T01:22:44Z,66
U0210,DEV0124,USES,2025-06-20T15:22:44Z,2025-08-11T14:22:44Z,166
U0210,DEV0286,USES,2024-04-12T15:22:44Z,2025-07-22T11:22:44Z,135
U0211,DEV0443,USES,2024-11-24T15:22:44Z,2025-07-31T03:22:44Z,168
U0211,DEV0426,USES,2025-05-22T15:22:44Z,2025-07-30T19:22:44Z,14
U0211,DEV0235,USES,2024-04-14T15:22:44Z,2025-07-21T09:22:44Z,120
U0212,DEV0530,USES,2024-12-06T15:22:44Z,2025-08-03T23:22:44Z,164
U0212,DEV0037,USES,2024-06-04T15:22:44Z,2025-08-04T01:22:44Z,115
U0213,DEV0055,USES,2025-04-14T15:22:44Z,2025-08-07T14:22:44Z,144
U0214,DEV0679,USES,2025-02-07T15:22:44Z,2025-07-28T23:22:44Z,199
U0214,DEV0595,USES,2024-05-18T15:22:44Z,2025-07-22T03:22:44Z,63
U0214,DEV0010,USES,2024-04-15T15:22:44Z,2025-07-26T09:22:44Z,126
U0214,DEV0432,USES,2024-10-20T15:22:44Z,2025-07-30T22:22:44Z,198
U0215,DEV0605,USES,2025-06-04T15:22:44Z,2025-08-08T08:22:44Z,112
U0215,DEV0330,USES,2024-09-08T15:22:44Z,2025-07-25T03:22:44Z,200
U0216,DEV0374,USES,2024-06-21T15:22:44Z,2025-07-19T03:22:44Z,21
U0216,DEV0367,USES,2024-05-15T15:22:44Z,2025-08-12T00:22:44Z,32
U0216,DEV0188,USES,2025-08-05T15:22:44Z,2025-07-19T01:22:44Z,168
U0217,DEV0159,USES,2025-04-01T15:22:44Z,2025-08-06T10:22:44Z,33
U0217,DEV0304,USES,2024-09-03T15:22:44Z,2025-08-05T00:22:44Z,195
U0217,DEV0404,USES,2024-09-05T15:22:44Z,2025-07-19T09:22:44Z,38
U0218,DEV0492,USES,2025-01-17T15:22:44Z,2025-07-31T14:22:44Z,193
U0218,DEV0458,USES,2025-07-10T15:22:44Z,2025-07-29T01:22:44Z,93
U0218,DEV0460,USES,2025-02-27T15:22:44Z,2025-07-27T06:22:44Z,105
U0219,DEV0137,USES,2024-11-11T15:22:44Z,2025-08-08T18:22:44Z,22
U0219,DEV0267,USES,2024-05-01T15:22:44Z,2025-07-26T09:22:44Z,131
U0219,DEV0612,USES,2025-02-07T15:22:44Z,2025-07-24T22:22:44Z,36
U0219,DEV0547,USES,2025-06-15T15:22:44Z,2025-08-16T12:22:44Z,134
U0220,DEV0186,USES,2024-10-12T15:22:44Z,2025-08-18T07:22:44Z,34
U0220,DEV0408,USES,2024-07-23T15:22:44Z,2025-08-14T05:22:44Z,176
U0220,DEV0039,USES,2025-03-21T15:22:44Z,2025-08-03T01:22:44Z,22
U0221,DEV0680,USES,2024-09-18T15:22:44Z,2025-08-01T09:22:44Z,118
U0222,DEV0022,USES,2025-05-27T15:22:44Z,2025-08-18T15:22:44Z,91
U0222,DEV0442,USES,2024-08-21T15:22:44Z,2025-07-27T18:22:44Z,21
U0223,DEV0410,USES,2025-05-21T15:22:44Z,2025-08-04T08:22:44Z,21
U0223,DEV0212,USES,2024-11-08T15:22:44Z,2025-08-09T19:22:44Z,164
U0224,DEV0722,USES,2025-01-19T15:22:44Z,2025-07-28T17:22:44Z,86
U0224,DEV0130,USES,2024-11-25T15:22:44Z,2025-07-28T00:22:44Z,22
U0224,DEV0345,USES,2024-11-13T15:22:44Z,2025-07-29T21:22:44Z,119
U0224,DEV0174,USES,2024-09-23T15:22:44Z,2025-07-28T16:22:44Z,64
U0225,DEV0341,USES,2024-09-17T15:22:44Z,2025-07-29T14:22:44Z,138
U0226,DEV0508,USES,2025-06-16T15:22:44Z,2025-08-18T13:22:44Z,130
U0226,DEV0672,USES,2025-08-07T15:22:44Z,2025-08-12T14:22:44Z,167
U0227,DEV0400,USES,2025-07-08T15:22:44Z,2025-08-04T02:22:44Z,134
U0227,DEV0446,USES,2024-07-10T15:22:44Z,2025-08-05T11:22:44Z,128
U0227,DEV0422,USES,2025-03-01T15:22:44Z,2025-08-06T02:22:44Z,26
U0227,DEV0172,USES,2024-10-04T15:22:44Z,2025-07-20T06:22:44Z,157
U0227,DEV0527,USES,2025-06-09T15:22:44Z,2025-07-31T16:22:44Z,49
U0228,DEV0495,USES,2025-02-08T15:22:44Z,2025-07-26T04:22:44Z,103
U0228,DEV0465,USES,2024-10-10T15:22:44Z,2025-07-28T21:22:44Z,23
U0229,DEV0031,USES,2025-01-26T15:22:44Z,2025-07-29T11:22:44Z,71
U0229,DEV0748,USES,2024-12-18T15:22:44Z,2025-07-18T18:22:44Z,42
U0230,DEV0104,USES,2024-09-26T15:22:44Z,2025-07-23T11:22:44Z,73
U0230,DEV0719,USES,2025-04-07T15:22:44Z,2025-07-19T16:22:44Z,106
U0230,DEV0655,USES,2025-05-29T15:22:44Z,2025-08-18T10:22:44Z,130
U0230,DEV0391,USES,2025-05-18T15:22:44Z,2025-08-15T17:22:44Z,111
U0231,DEV0223,USES,2024-08-26T15:22:44Z,2025-07-26T10:22:44Z,199
U0231,DEV0063,USES,2025-07-01T15:22:44Z,2025-07-21T02:22:44Z,117
U0232,DEV0064,USES,2025-01-14T15:22:44Z,2025-08-10T15:22:44Z,175
U0233,DEV0512,USES,2024-08-11T15:22:44Z,2025-08-14T23:22:44Z,76
U0233,DEV0165,USES,2024-05-12T15:22:44Z,2025-07-25T08:22:44Z,99
U0233,DEV0030,USES,2024-08-01T15:22:44Z,2025-07-27T18:22:44Z,126
U0233,DEV0709,USES,2024-06-11T15:22:44Z,2025-07-28T09:22:44Z,5
U0234,DEV0362,USES,2024-04-21T15:22:44Z,2025-07-27T11:22:44Z,138
U0234,DEV0736,USES,2024-10-06T15:22:44Z,2025-07-23T17:22:44Z,134
U0234,DEV0242,USES,2024-05-02T15:22:44Z,2025-08-03T13:22:44Z,82
U0235,DEV0042,USES,2024-05-30T15:22:44Z,2025-07-20T05:22:44Z,103
U0235,DEV0205,USES,2025-02-25T15:22:44Z,2025-08-10T16:22:44Z,70
U0236,DEV0287,USES,2024-05-30T15:22:44Z,2025-08-16T12:22:44Z,27
U0236,DEV0324,USES,2024-11-20T15:22:44Z,2025-07-31T09:22:44Z,195
U0236,DEV0133,USES,2024-09-11T15:22:44Z,2025-07-31T04:22:44Z,37
U0236,DEV0376,USES,2025-03-11T15:22:44Z,2025-07-19T03:22:44Z,152
U0237,DEV0193,USES,2024-11-19T15:22:44Z,2025-08-08T23:22:44Z,181
U0237,DEV0046,USES,2025-06-22T15:22:44Z,2025-07-21T17:22:44Z,151
U0237,DEV0444,USES,2025-02-09T15:22:44Z,2025-07-23T09:22:44Z,131
U0238,DEV0513,USES,2024-10-14T15:22:44Z,2025-08-01T16:22:44Z,77
U0238,DEV0563,USES,2024-09-24T15:22:44Z,2025-07-20T09:22:44Z,184
U0238,DEV0090,USES,2024-12-27T15:22:44Z,2025-08-06T12:22:44Z,38
U0239,DEV0207,USES,2025-07-06T15:22:44Z,2025-07-28T10:22:44Z,19
U0239,DEV0560,USES,2024-04-20T15:22:44Z,2025-08-03T10:22:44Z,18
U0239,DEV0594,USES,2024-11-26T15:22:44Z,2025-08-01T19:22:44Z,91
U0240,DEV0568,USES,2025-03-11T15:22:44Z,2025-07-28T19:22:44Z,118
U0240,DEV0392,USES,2025-02-20T15:22:44Z,2025-08-15T12:22:44Z,26
U0241,DEV0502,USES,2025-07-17T15:22:44Z,2025-08-15T17:22:44Z,142
U0242,DEV0475,USES,2025-07-03T15:22:44Z,2025-08-13T21:22:44Z,57
U0242,DEV0171,USES,2024-08-13T15:22:44Z,2025-08-15T22:22:44Z,70
U0242,DEV0054,USES,2024-05-15T15:22:44Z,2025-08-17T13:22:44Z,36
U0243,DEV0306,USES,2025-04-10T15:22:44Z,2025-08-15T22:22:44Z,70
U0243,DEV0564,USES,2024-07-02T15:22:44Z,2025-07-29T10:22:44Z,107
U0243,DEV0423,USES,2024-11-20T15:22:44Z,2025-07-19T07:22:44Z,178
U0243,DEV0190,USES,2024-10-19T15:22:44Z,2025-07-27T11:22:44Z,142
U0243,DEV0625,USES,2024-04-28T15:22:44Z,2025-07-28T16:22:44Z,73
U0244,DEV0629,USES,2025-03-02T15:22:44Z,2025-07-29T13:22:44Z,97
U0244,DEV0089,USES,2024-12-27T15:22:44Z,2025-07-25T07:22:44Z,42
U0244,DEV0542,USES,2025-08-05T15:22:44Z,2025-08-11T07:22:44Z,7
U0245,DEV0724,USES,2024-11-08T15:22:44Z,2025-08-06T10:22:44Z,93
U0245,DEV0600,USES,2025-02-11T15:22:44Z,2025-07-27T22:22:44Z,146
U0246,DEV0311,USES,2025-02-03T15:22:44Z,2025-08-13T01:22:44Z,95
U0246,DEV0582,USES,2024-11-17T15:22:44Z,2025-08-02T06:22:44Z,75
U0246,DEV0342,USES,2024-04-25T15:22:44Z,2025-08-01T17:22:44Z,63
U0247,DEV0576,USES,2025-05-13T15:22:44Z,2025-07-27T12:22:44Z,108
U0247,DEV0688,USES,2024-07-22T15:22:44Z,2025-08-11T16:22:44Z,6
U0247,DEV0453,USES,2024-09-09T15:22:44Z,2025-07-26T22:22:44Z,196
U0248,DEV0079,USES,2024-08-01T15:22:44Z,2025-07-19T18:22:44Z,68
U0248,DEV0271,USES,2024-06-14T15:22:44Z,2025-07-22T12:22:44Z,79
U0249,DEV0282,USES,2024-04-28T15:22:44Z,2025-07-20T16:22:44Z,52
U0250,DEV0675,USES,2024-11-14T15:22:44Z,2025-08-15T01:22:44Z,173
U0250,DEV0216,USES,2025-03-10T15:22:44Z,2025-08-13T11:22:44Z,95
U0251,DEV0677,USES,2024-07-21T15:22:44Z,2025-08-14T05:22:44Z,197
U0251,DEV0601,USES,2024-10-24T15:22:44Z,2025-07-21T03:22:44Z,133
U0251,DEV0618,USES,2025-03-09T15:22:44Z,2025-07-26T03:22:44Z,38
U0252,DEV0416,USES,2025-06-21T15:22:44Z,2025-08-09T06:22:44Z,129
U0253,DEV0099,USES,2025-04-01T15:22:44Z,2025-08-14T03:22:44Z,14
U0254,DEV0295,USES,2024-09-29T15:22:44Z,2025-08-10T04:22:44Z,187
U0255,DEV0462,USES,2024-06-19T15:22:44Z,2025-08-08T06:22:44Z,33
U0255,DEV0297,USES,2024-07-25T15:22:44Z,2025-08-17T18:22:44Z,146
U0256,DEV0611,USES,2024-11-04T15:22:44Z,2025-08-11T17:22:44Z,119
U0256,DEV0745,USES,2024-11-02T15:22:44Z,2025-08-15T22:22:44Z,163
U0256,DEV0150,USES,2025-05-20T15:22:44Z,2025-07-26T00:22:44Z,199
U0257,DEV0262,USES,2025-03-06T15:22:44Z,2025-07-27T09:22:44Z,194
U0257,DEV0029,USES,2025-04-05T15:22:44Z,2025-08-02T18:22:44Z,141
U0257,DEV0562,USES,2024-09-25T15:22:44Z,2025-08-16T10:22:44Z,117
U0257,DEV0043,USES,2024-12-02T15:22:44Z,2025-08-05T22:22:44Z,104
U0257,DEV0739,USES,2024-11-17T15:22:44Z,2025-08-10T09:22:44Z,52
U0258,DEV0559,USES,2025-07-28T15:22:44Z,2025-08-09T14:22:44Z,168
U0258,DEV0224,USES,2024-05-29T15:22:44Z,2025-07-21T07:22:44Z,39
U0259,DEV0053,USES,2025-03-12T15:22:44Z,2025-07-23T15:22:44Z,96
U0259,DEV0645,USES,2024-08-06T15:22:44Z,2025-07-19T07:22:44Z,50
U0260,DEV0239,USES,2024-08-31T15:22:44Z,2025-07-26T02:22:44Z,99
U0260,DEV0750,USES,2024-11-02T15:22:44Z,2025-08-03T13:22:44Z,131
U0261,DEV0125,USES,2024-04-13T15:22:44Z,2025-08-05T08:22:44Z,121
U0261,DEV0071,USES,2024-09-19T15:22:44Z,2025-08-06T12:22:44Z,190
U0262,DEV0081,USES,2025-05-30T15:22:44Z,2025-08-14T00:22:44Z,199
U0262,DEV0208,USES,2024-11-07T15:22:44Z,2025-08-04T10:22:44Z,83
U0263,DEV0454,USES,2024-09-09T15:22:44Z,2025-08-13T12:22:44Z,62
U0263,DEV0727,USES,2024-11-10T15:22:44Z,2025-07-19T06:22:44Z,96
U0263,DEV0115,USES,2024-07-04T15:22:44Z,2025-08-08T12:22:44Z,97
U0263,DEV0573,USES,2025-06-07T15:22:44Z,2025-07-20T13:22:44Z,16
U0264,DEV0002,USES,2025-06-08T15:22:44Z,2025-08-14T05:22:44Z,42
U0264,DEV0176,USES,2025-03-04T15:22:44Z,2025-07-26T00:22:44Z,22
U0264,DEV0726,USES,2025-02-05T15:22:44Z,2025-08-04T16:22:44Z,76
U0265,DEV0598,USES,2025-02-27T15:22:44Z,2025-08-06T13:22:44Z,153
U0265,DEV0638,USES,2024-05-27T15:22:44Z,2025-08-01T21:22:44Z,182
U0265,DEV0290,USES,2024-12-21T15:22:44Z,2025-08-10T17:22:44Z,27
U0266,DEV0537,USES,2025-02-22T15:22:44Z,2025-07-27T12:22:44Z,174
U0266,DEV0486,USES,2025-06-17T15:22:44Z,2025-08-02T20:22:44Z,45
U0266,DEV0059,USES,2025-07-13T15:22:44Z,2025-08-07T11:22:44Z,25
U0267,DEV0040,USES,2025-08-17T15:22:44Z,2025-08-18T03:22:44Z,113
U0267,DEV0254,USES,2024-07-24T15:22:44Z,2025-07-21T01:22:44Z,146
U0267,DEV0656,USES,2024-08-30T15:22:44Z,2025-08-09T21:22:44Z,133
U0267,DEV0215,USES,2025-04-12T15:22:44Z,2025-08-11T02:22:44Z,45
U0268,DEV0264,USES,2025-07-22T15:22:44Z,2025-08-12T07:22:44Z,32
U0268,DEV0077,USES,2025-05-31T15:22:44Z,2025-08-06T20:22:44Z,90
U0268,DEV0522,USES,2025-06-06T15:22:44Z,2025-08-09T10:22:44Z,143
U0268,DEV0589,USES,2024-04-06T15:22:44Z,2025-08-11T20:22:44Z,7
U0269,DEV0689,USES,2025-07-15T15:22:44Z,2025-08-13T17:22:44Z,177
U0269,DEV0293,USES,2024-10-02T15:22:44Z,2025-08-04T16:22:44Z,133
U0269,DEV0478,USES,2025-02-02T15:22:44Z,2025-07-24T11:22:44Z,11
U0269,DEV0585,USES,2024-10-31T15:22:44Z,2025-08-06T00:22:44Z,155
U0269,DEV0523,USES,2025-06-15T15:22:44Z,2025-08-17T06:22:44Z,46
U0270,DEV0390,USES,2024-04-30T15:22:44Z,2025-08-08T01:22:44Z,38
U0270,DEV0687,USES,2024-06-30T15:22:44Z,2025-08-06T20:22:44Z,115
U0270,DEV0617,USES,2024-07-20T15:22:44Z,2025-07-26T18:22:44Z,104
U0271,DEV0584,USES,2025-02-12T15:22:44Z,2025-07-25T01:22:44Z,71
U0272,DEV0291,USES,2024-08-29T15:22:44Z,2025-08-01T20:22:44Z,85
U0273,DEV0325,USES,2025-04-09T15:22:44Z,2025-08-12T21:22:44Z,107
U0274,DEV0518,USES,2025-07-28T15:22:44Z,2025-08-11T17:22:44Z,194
U0274,DEV0409,USES,2025-06-18T15:22:44Z,2025-08-10T01:22:44Z,14
U0275,DEV0608,USES,2025-06-02T15:22:44Z,2025-07-23T14:22:44Z,28
U0275,DEV0203,USES,2025-08-04T15:22:44Z,2025-08-05T05:22:44Z,197
U0275,DEV0131,USES,2025-01-10T15:22:44Z,2025-08-12T04:22:44Z,112
U0276,DEV0671,USES,2024-12-25T15:22:44Z,2025-08-14T01:22:44Z,42
U0276,DEV0681,USES,2024-11-16T15:22:44Z,2025-08-08T12:22:44Z,177
U0276,DEV0284,USES,2025-07-27T15:22:44Z,2025-08-01T16:22:44Z,5
U0276,DEV0004,USES,2025-01-14T15:22:44Z,2025-07-19T11:22:44Z,167
U0277,DEV0106,USES,2025-08-14T15:22:44Z,2025-08-02T19:22:44Z,121
U0277,DEV0683,USES,2024-04-05T15:22:44Z,2025-08-07T04:22:44Z,143
U0278,DEV0103,USES,2025-07-27T15:22:44Z,2025-07-30T02:22:44Z,31
U0278,DEV0100,USES,2024-08-16T15:22:44Z,2025-07-24T20:22:44Z,144
U0278,DEV0659,USES,2025-01-18T15:22:44Z,2025-08-03T23:22:44Z,153
U0278,DEV0018,USES,2025-03-29T15:22:44Z,2025-07-28T06:22:44Z,112
U0279,DEV0027,USES,2025-05-02T15:22:44Z,2025-08-14T04:22:44Z,137
U0280,DEV0431,USES,2024-12-21T15:22:44Z,2025-08-06T05:22:44Z,137
U0280,DEV0257,USES,2024-12-21T15:22:44Z,2025-08-11T12:22:44Z,186
U0281,DEV0657,USES,2024-10-08T15:22:44Z,2025-07-31T03:22:44Z,11
U0281,DEV0134,USES,2024-08-27T15:22:44Z,2025-08-14T01:22:44Z,167
U0282,DEV0279,USES,2024-06-16T15:22:44Z,2025-08-16T00:22:44Z,97
U0282,DEV0154,USES,2024-06-27T15:22:44Z,2025-08-12T03:22:44Z,30
U0283,DEV0009,USES,2025-02-25T15:22:44Z,2025-07-26T07:22:44Z,36
U0283,DEV0316,USES,2024-08-02T15:22:44Z,2025-08-17T22:22:44Z,10
U0283,DEV0718,USES,2024-11-18T15:22:44Z,2025-07-25T11:22:44Z,60
U0284,DEV0123,USES,2024-06-13T15:22:44Z,2025-08-13T09:22:44Z,189
U0284,DEV0470,USES,2024-07-04T15:22:44Z,2025-07-21T01:22:44Z,113
U0284,DEV0593,USES,2025-06-09T15:22:44Z,2025-08-10T05:22:44Z,164
U0284,DEV0580,USES,2025-07-25T15:22:44Z,2025-08-06T02:22:44Z,56
U0284,DEV0334,USES,2025-04-27T15:22:44Z,2025-08-06T19:22:44Z,21
U0285,DEV0519,USES,2025-01-08T15:22:44Z,2025-08-08T08:22:44Z,148
U0285,DEV0705,USES,2024-07-02T15:22:44Z,2025-08-08T20:22:44Z,59
U0286,DEV0572,USES,2025-06-17T15:22:44Z,2025-07-31T03:22:44Z,65
U0286,DEV0368,USES,2025-07-16T15:22:44Z,2025-08-09T15:22:44Z,169
U0287,DEV0166,USES,2025-02-05T15:22:44Z,2025-08-15T15:22:44Z,62
U0287,DEV0388,USES,2024-07-01T15:22:44Z,2025-08-18T11:22:44Z,31
U0287,DEV0636,USES,2025-01-17T15:22:44Z,2025-07-21T17:22:44Z,190
U0288,DEV0206,USES,2024-11-07T15:22:44Z,2025-07-22T11:22:44Z,197
U0288,DEV0389,USES,2024-10-08T15:22:44Z,2025-07-22T02:22:44Z,168
U0289,DEV0339,USES,2024-12-29T15:22:44Z,2025-08-03T14:22:44Z,59
U0289,DEV0112,USES,2024-07-31T15:22:44Z,2025-08-12T01:22:44Z,103
U0289,DEV0068,USES,2025-06-08T15:22:44Z,2025-08-15T05:22:44Z,58
U0290,DEV0510,USES,2024-04-07T15:22:44Z,2025-07-21T12:22:44Z,195
U0290,DEV0552,USES,2025-05-28T15:22:44Z,2025-08-18T01:22:44Z,52
U0290,DEV0182,USES,2024-06-15T15:22:44Z,2025-08-02T18:22:44Z,140
U0290,DEV0248,USES,2024-04-23T15:22:44Z,2025-08-10T12:22:44Z,145
U0290,DEV0427,USES,2025-07-11T15:22:44Z,2025-08-05T09:22:44Z,43
U0291,DEV0052,USES,2024-04-30T15:22:44Z,2025-07-19T12:22:44Z,61
U0291,DEV0369,USES,2025-02-04T15:22:44Z,2025-07-21T14:22:44Z,152
U0292,DEV0635,USES,2024-08-05T15:22:44Z,2025-07-26T15:22:44Z,29
U0292,DEV0412,USES,2025-01-27T15:22:44Z,2025-07-19T17:22:44Z,164
U0293,DEV0273,USES,2024-12-01T15:22:44Z,2025-07-31T15:22:44Z,130
U0293,DEV0505,USES,2024-11-28T15:22:44Z,2025-08-03T12:22:44Z,16
U0293,DEV0346,USES,2025-01-27T15:22:44Z,2025-07-30T18:22:44Z,79
U0296,DEV0660,USES,2024-07-04T15:22:44Z,2025-08-09T00:22:44Z,78
U0296,DEV0653,USES,2024-09-18T15:22:44Z,2025-08-09T15:22:44Z,121
